gene_ID,pathway_count
hsa:5594,117
hsa:5595,117
hsa:5290,106
hsa:5291,106
hsa:5293,106
hsa:5296,103
hsa:8503,103
hsa:5295,103
hsa:10000,100
hsa:207,100
hsa:208,100
hsa:5604,89
hsa:3265,84
hsa:3845,83
hsa:5894,83
hsa:4893,80
hsa:5605,77
hsa:4790,76
hsa:5970,76
hsa:5599,73
hsa:5601,73
hsa:5578,73
hsa:5602,73
hsa:5579,71
hsa:5568,70
hsa:5566,70
hsa:5567,70
hsa:7124,67
hsa:1432,62
hsa:5603,62
hsa:6300,62
hsa:5582,62
hsa:5600,62
hsa:5332,61
hsa:5331,61
hsa:23236,61
hsa:5330,61
hsa:3551,59
hsa:3725,56
hsa:111,55
hsa:1147,53
hsa:8517,53
hsa:112,52
hsa:107,52
hsa:5879,52
hsa:115,52
hsa:109,52
hsa:2778,51
hsa:114,51
hsa:2475,51
hsa:7157,51
hsa:3569,51
hsa:108,50
hsa:2885,50
hsa:581,50
hsa:196883,50
hsa:113,49
hsa:3708,49
hsa:4792,49
hsa:3710,49
hsa:595,48
hsa:1956,48
hsa:2776,48
hsa:6655,48
hsa:6654,48
hsa:2932,46
hsa:3709,45
hsa:2353,45
hsa:5335,45
hsa:673,44
hsa:836,44
hsa:3553,44
hsa:163688,43
hsa:91860,43
hsa:51806,43
hsa:596,43
hsa:572,43
hsa:810,43
hsa:801,43
hsa:808,43
hsa:805,43
hsa:6714,42
hsa:1385,42
hsa:2770,41
hsa:1026,41
hsa:2773,41
hsa:387,41
hsa:2771,41
hsa:5336,40
hsa:468,40
hsa:841,36
hsa:369,36
hsa:148327,35
hsa:776,35
hsa:842,35
hsa:84699,35
hsa:90993,35
hsa:7132,35
hsa:10488,35
hsa:64764,35
hsa:775,34
hsa:4609,34
hsa:7040,34
hsa:54205,34
hsa:9586,34
hsa:815,33
hsa:5530,33
hsa:817,33
hsa:818,33
hsa:5533,33
hsa:3576,33
hsa:816,33
hsa:578,33
hsa:5532,33
hsa:3458,32
hsa:5535,32
hsa:5534,32
hsa:6774,32
hsa:7186,32
hsa:355,32
hsa:7189,32
hsa:1499,31
hsa:1950,31
hsa:7042,31
hsa:3479,31
hsa:7099,31
hsa:6199,31
hsa:356,31
hsa:6198,31
hsa:998,31
hsa:60,30
hsa:102723407,30
hsa:71,30
hsa:3630,30
hsa:6885,29
hsa:6772,29
hsa:3480,29
hsa:5880,29
hsa:598,28
hsa:3456,28
hsa:7043,28
hsa:5728,28
hsa:1019,28
hsa:3716,27
hsa:8772,27
hsa:779,27
hsa:778,27
hsa:1386,27
hsa:2033,26
hsa:1869,26
hsa:1387,26
hsa:4615,26
hsa:5170,26
hsa:5609,25
hsa:3451,25
hsa:3443,25
hsa:3448,25
hsa:3447,25
hsa:3441,25
hsa:3446,25
hsa:3442,25
hsa:3452,25
hsa:3445,25
hsa:3449,25
hsa:3688,25
hsa:3440,25
hsa:29110,25
hsa:1388,25
hsa:3593,25
hsa:3592,25
hsa:4193,25
hsa:3444,25
hsa:3439,25
hsa:5925,25
hsa:3108,24
hsa:3109,24
hsa:3111,24
hsa:3112,24
hsa:3122,24
hsa:3115,24
hsa:3117,24
hsa:5608,24
hsa:3127,24
hsa:3118,24
hsa:3717,24
hsa:3126,24
hsa:3123,24
hsa:7422,24
hsa:3119,24
hsa:3113,24
hsa:3125,24
hsa:637,24
hsa:5881,24
hsa:8717,24
hsa:5747,24
hsa:7097,23
hsa:255189,23
hsa:100137049,23
hsa:1021,23
hsa:7046,23
hsa:1870,23
hsa:123745,23
hsa:1871,23
hsa:1647,23
hsa:4616,23
hsa:283748,23
hsa:8681,23
hsa:5321,23
hsa:7048,23
hsa:8605,23
hsa:4772,23
hsa:4233,23
hsa:10912,23
hsa:6464,22
hsa:25759,22
hsa:5501,22
hsa:3643,22
hsa:2064,22
hsa:399694,22
hsa:5743,22
hsa:3586,22
hsa:5499,22
hsa:51135,22
hsa:5500,22
hsa:4088,22
hsa:3552,21
hsa:317,21
hsa:5606,21
hsa:9475,21
hsa:3661,21
hsa:4773,21
hsa:6932,21
hsa:53358,21
hsa:23118,21
hsa:5155,20
hsa:1643,20
hsa:5156,20
hsa:3654,20
hsa:7187,20
hsa:2782,20
hsa:4217,20
hsa:3667,20
hsa:6093,20
hsa:83439,20
hsa:3558,20
hsa:4087,20
hsa:6416,20
hsa:6934,20
hsa:3690,20
hsa:51764,20
hsa:5563,20
hsa:5562,20
hsa:55970,20
hsa:7416,19
hsa:2784,19
hsa:2775,19
hsa:1399,19
hsa:7419,19
hsa:3107,19
hsa:2788,19
hsa:3106,19
hsa:2792,19
hsa:5154,19
hsa:3105,19
hsa:1398,19
hsa:5159,19
hsa:894,19
hsa:1017,19
hsa:1027,19
hsa:2767,19
hsa:3689,19
hsa:5058,19
hsa:2904,19
hsa:4775,19
hsa:2903,19
hsa:3135,19
hsa:4846,19
hsa:3133,19
hsa:4793,19
hsa:4843,19
hsa:51176,19
hsa:5781,18
hsa:3454,18
hsa:23439,18
hsa:480,18
hsa:10681,18
hsa:1029,18
hsa:481,18
hsa:2786,18
hsa:2793,18
hsa:482,18
hsa:2787,18
hsa:2791,18
hsa:478,18
hsa:483,18
hsa:2790,18
hsa:9641,18
hsa:4089,18
hsa:2783,18
hsa:94235,18
hsa:2902,18
hsa:2785,18
hsa:477,18
hsa:3459,18
hsa:54331,18
hsa:3134,18
hsa:6777,18
hsa:10454,18
hsa:59345,18
hsa:476,18
hsa:9134,17
hsa:6256,17
hsa:51426,17
hsa:5580,17
hsa:54361,17
hsa:7976,17
hsa:3383,17
hsa:6850,17
hsa:3678,17
hsa:958,17
hsa:3460,17
hsa:6776,17
hsa:718,17
hsa:3455,17
hsa:6347,17
hsa:898,17
hsa:7417,17
hsa:5337,16
hsa:3606,16
hsa:5338,16
hsa:5515,16
hsa:89780,16
hsa:5565,16
hsa:5564,16
hsa:148022,16
hsa:53632,16
hsa:896,16
hsa:7297,16
hsa:6352,16
hsa:324,16
hsa:185,16
hsa:5289,16
hsa:3082,16
hsa:5571,16
hsa:3684,16
hsa:2260,16
hsa:773,16
hsa:486,16
hsa:10297,16
hsa:6773,16
hsa:2308,16
hsa:2309,16
hsa:3685,16
hsa:8737,16
hsa:329,16
hsa:51384,16
hsa:51422,16
hsa:4318,16
hsa:5516,16
hsa:81029,16
hsa:1437,16
hsa:7474,16
hsa:330,16
hsa:3565,16
hsa:5590,16
hsa:7473,16
hsa:7471,16
hsa:2906,15
hsa:2247,15
hsa:219,15
hsa:3101,15
hsa:2905,15
hsa:3066,15
hsa:291,15
hsa:292,15
hsa:929,15
hsa:6262,15
hsa:11211,15
hsa:293,15
hsa:2891,15
hsa:7249,15
hsa:3099,15
hsa:3098,15
hsa:3065,15
hsa:224,15
hsa:2535,15
hsa:80201,15
hsa:5906,15
hsa:2002,15
hsa:7855,15
hsa:6667,15
hsa:1855,15
hsa:1856,15
hsa:1857,15
hsa:1978,15
hsa:80326,15
hsa:83447,15
hsa:3718,15
hsa:7480,15
hsa:8326,15
hsa:7483,15
hsa:7475,15
hsa:3320,15
hsa:3326,15
hsa:8321,15
hsa:183,15
hsa:8322,15
hsa:774,15
hsa:8323,15
hsa:7479,15
hsa:7476,15
hsa:8324,15
hsa:217,15
hsa:7484,15
hsa:8660,15
hsa:7477,15
hsa:8325,15
hsa:7478,15
hsa:834,15
hsa:7472,15
hsa:7482,15
hsa:3674,15
hsa:7481,15
hsa:1536,15
hsa:2645,15
hsa:3673,14
hsa:4129,14
hsa:4128,14
hsa:487,14
hsa:7409,14
hsa:1965,14
hsa:5908,14
hsa:5294,14
hsa:10451,14
hsa:8313,14
hsa:489,14
hsa:959,14
hsa:472,14
hsa:2920,14
hsa:7410,14
hsa:2921,14
hsa:7039,14
hsa:6392,14
hsa:6009,14
hsa:2890,14
hsa:488,14
hsa:6389,14
hsa:6237,14
hsa:2919,14
hsa:10379,14
hsa:8312,14
hsa:3676,14
hsa:501,14
hsa:5519,14
hsa:5518,14
hsa:2534,14
hsa:9451,14
hsa:6390,14
hsa:6391,14
hsa:9021,14
hsa:374291,13
hsa:341947,13
hsa:1345,13
hsa:9020,13
hsa:2261,13
hsa:3665,13
hsa:331,13
hsa:1346,13
hsa:1347,13
hsa:56901,13
hsa:3091,13
hsa:170712,13
hsa:2263,13
hsa:10975,13
hsa:1340,13
hsa:6257,13
hsa:100532726,13
hsa:1339,13
hsa:1337,13
hsa:5211,13
hsa:5213,13
hsa:5214,13
hsa:56034,13
hsa:4512,13
hsa:4513,13
hsa:4514,13
hsa:6258,13
hsa:84701,13
hsa:1329,13
hsa:9978,13
hsa:4519,13
hsa:1349,13
hsa:2911,13
hsa:1327,13
hsa:9377,13
hsa:3567,13
hsa:5829,13
hsa:3554,13
hsa:1350,13
hsa:5581,13
hsa:4842,13
hsa:1351,13
hsa:55967,13
hsa:10941,13
hsa:4716,13
hsa:7367,13
hsa:4706,13
hsa:4707,13
hsa:4708,13
hsa:4709,13
hsa:4710,13
hsa:4711,13
hsa:4712,13
hsa:4713,13
hsa:4714,13
hsa:54659,13
hsa:54658,13
hsa:54657,13
hsa:54600,13
hsa:4715,13
hsa:440567,13
hsa:54578,13
hsa:54577,13
hsa:54576,13
hsa:4705,13
hsa:4704,13
hsa:4702,13
hsa:4696,13
hsa:29796,13
hsa:7365,13
hsa:7364,13
hsa:4694,13
hsa:7363,13
hsa:814,13
hsa:10720,13
hsa:4695,13
hsa:4697,13
hsa:4701,13
hsa:9167,13
hsa:7366,13
hsa:51079,13
hsa:5106,13
hsa:1537,13
hsa:4698,13
hsa:4700,13
hsa:5105,13
hsa:54575,13
hsa:54579,13
hsa:4722,13
hsa:126328,13
hsa:80310,13
hsa:4729,13
hsa:4723,13
hsa:7384,13
hsa:223,13
hsa:4724,13
hsa:4717,13
hsa:7388,13
hsa:7385,13
hsa:4725,13
hsa:4726,13
hsa:27089,13
hsa:2892,13
hsa:7386,13
hsa:4728,13
hsa:574537,13
hsa:7188,13
hsa:79799,13
hsa:4719,13
hsa:3655,13
hsa:54539,13
hsa:4731,13
hsa:125965,13
hsa:4720,13
hsa:7381,13
hsa:7248,13
hsa:4718,13
hsa:54490,13
hsa:3306,12
hsa:10376,12
hsa:2212,12
hsa:39,12
hsa:9114,12
hsa:3305,12
hsa:112714,12
hsa:7852,12
hsa:942,12
hsa:29108,12
hsa:3312,12
hsa:113457,12
hsa:1435,12
hsa:3683,12
hsa:5610,12
hsa:221357,12
hsa:4259,12
hsa:3304,12
hsa:51,12
hsa:7057,12
hsa:284217,12
hsa:4258,12
hsa:4257,12
hsa:940,12
hsa:119391,12
hsa:84790,12
hsa:3310,12
hsa:7846,12
hsa:3303,12
hsa:441925,12
hsa:4541,12
hsa:79861,12
hsa:2944,12
hsa:2946,12
hsa:6513,12
hsa:2947,12
hsa:245972,12
hsa:2948,12
hsa:2949,12
hsa:1906,12
hsa:7278,12
hsa:7277,12
hsa:3908,12
hsa:948,12
hsa:2952,12
hsa:653361,12
hsa:653689,12
hsa:8678,12
hsa:999,12
hsa:920,12
hsa:2335,12
hsa:2538,12
hsa:10105,12
hsa:6543,12
hsa:6546,12
hsa:6547,12
hsa:1738,12
hsa:2953,12
hsa:3570,12
hsa:2941,12
hsa:4540,12
hsa:3561,12
hsa:2938,12
hsa:92579,12
hsa:2939,12
hsa:2806,12
hsa:38,12
hsa:57818,12
hsa:8471,12
hsa:4067,12
hsa:890,12
hsa:8900,12
hsa:9446,12
hsa:2940,12
hsa:3627,12
hsa:4535,12
hsa:4536,12
hsa:51807,12
hsa:8310,12
hsa:4537,12
hsa:4538,12
hsa:4539,12
hsa:840,12
hsa:10672,12
hsa:2982,11
hsa:2977,11
hsa:2983,11
hsa:1278,11
hsa:22800,11
hsa:1277,11
hsa:22808,11
hsa:916,11
hsa:26291,11
hsa:2246,11
hsa:4633,11
hsa:915,11
hsa:3815,11
hsa:8823,11
hsa:5700,11
hsa:498,11
hsa:2149,11
hsa:4914,11
hsa:2255,11
hsa:4508,11
hsa:4509,11
hsa:10312,11
hsa:2254,11
hsa:25,11
hsa:506,11
hsa:2253,11
hsa:50617,11
hsa:2248,11
hsa:2252,11
hsa:2251,11
hsa:2250,11
hsa:1649,11
hsa:26281,11
hsa:3695,11
hsa:4776,11
hsa:2081,11
hsa:8822,11
hsa:2249,11
hsa:509,11
hsa:2950,11
hsa:5521,11
hsa:27040,11
hsa:5522,11
hsa:5468,11
hsa:3559,11
hsa:3560,11
hsa:2209,11
hsa:10398,11
hsa:8074,11
hsa:4313,11
hsa:515,11
hsa:1131,11
hsa:522,11
hsa:2768,11
hsa:5588,11
hsa:1436,11
hsa:5315,11
hsa:8817,11
hsa:516,11
hsa:51606,11
hsa:3675,11
hsa:539,11
hsa:517,11
hsa:6548,11
hsa:23365,11
hsa:27006,11
hsa:10476,11
hsa:1571,11
hsa:535,11
hsa:7184,11
hsa:6387,11
hsa:518,11
hsa:847,11
hsa:23411,11
hsa:55844,11
hsa:8454,11
hsa:137362,11
hsa:409,11
hsa:5520,11
hsa:153,11
hsa:51196,11
hsa:23545,11
hsa:1535,11
hsa:513,11
hsa:408,11
hsa:114548,11
hsa:6500,11
hsa:5140,11
hsa:23533,11
hsa:146850,11
hsa:2805,11
hsa:1892,11
hsa:514,11
hsa:57521,11
hsa:1962,11
hsa:527,11
hsa:1544,11
hsa:949,10
hsa:245973,10
hsa:5320,10
hsa:5322,10
hsa:3760,10
hsa:3949,10
hsa:84647,10
hsa:3763,10
hsa:6197,10
hsa:6196,10
hsa:534,10
hsa:203068,10
hsa:533,10
hsa:3932,10
hsa:64600,10
hsa:4791,10
hsa:3693,10
hsa:7424,10
hsa:9138,10
hsa:4688,10
hsa:9564,10
hsa:127124,10
hsa:1543,10
hsa:3162,10
hsa:2185,10
hsa:128,10
hsa:917,10
hsa:1576,10
hsa:1282,10
hsa:27330,10
hsa:57506,10
hsa:1288,10
hsa:1287,10
hsa:1284,10
hsa:32,10
hsa:7280,10
hsa:8394,10
hsa:8797,10
hsa:6195,10
hsa:5465,10
hsa:727,10
hsa:9550,10
hsa:1286,10
hsa:8795,10
hsa:81579,10
hsa:23396,10
hsa:10891,10
hsa:84617,10
hsa:2549,10
hsa:2277,10
hsa:537,10
hsa:5319,10
hsa:1285,10
hsa:81027,10
hsa:2893,10
hsa:8743,10
hsa:3800,10
hsa:9965,10
hsa:5592,10
hsa:10381,10
hsa:5593,10
hsa:347688,10
hsa:1812,10
hsa:9296,10
hsa:1030,10
hsa:2915,10
hsa:5313,10
hsa:941,10
hsa:51382,10
hsa:26279,10
hsa:6194,10
hsa:8399,10
hsa:30814,10
hsa:50487,10
hsa:283106,10
hsa:3030,10
hsa:7979,10
hsa:10383,10
hsa:10382,10
hsa:5062,10
hsa:1457,10
hsa:8395,10
hsa:1459,10
hsa:624,10
hsa:347733,10
hsa:10018,10
hsa:3791,10
hsa:1375,10
hsa:8408,10
hsa:3798,10
hsa:529,10
hsa:8398,10
hsa:4878,10
hsa:4881,10
hsa:391013,10
hsa:3562,10
hsa:528,10
hsa:114609,10
hsa:526,10
hsa:23586,10
hsa:1460,10
hsa:90423,10
hsa:523,10
hsa:3799,10
hsa:525,10
hsa:5063,10
hsa:8945,9
hsa:2214,9
hsa:4041,9
hsa:4040,9
hsa:7098,9
hsa:1374,9
hsa:8878,9
hsa:8877,9
hsa:3309,9
hsa:1644,9
hsa:2181,9
hsa:2215,9
hsa:316,9
hsa:2180,9
hsa:440738,9
hsa:2182,9
hsa:154,9
hsa:7423,9
hsa:7535,9
hsa:340156,9
hsa:3572,9
hsa:3915,9
hsa:7412,9
hsa:182,9
hsa:2099,9
hsa:2264,9
hsa:87,9
hsa:3762,9
hsa:131,9
hsa:3672,9
hsa:3910,9
hsa:3696,9
hsa:31,9
hsa:8651,9
hsa:4214,9
hsa:3827,9
hsa:130,9
hsa:30849,9
hsa:1559,9
hsa:90550,9
hsa:155066,9
hsa:4638,9
hsa:8611,9
hsa:8992,9
hsa:3680,9
hsa:1839,9
hsa:8612,9
hsa:8613,9
hsa:7054,9
hsa:85366,9
hsa:8516,9
hsa:81631,9
hsa:653857,9
hsa:54106,9
hsa:10109,9
hsa:9474,9
hsa:23305,9
hsa:10097,9
hsa:11047,9
hsa:23291,9
hsa:10095,9
hsa:10094,9
hsa:10093,9
hsa:10092,9
hsa:811,9
hsa:51703,9
hsa:5162,9
hsa:5161,9
hsa:5160,9
hsa:51561,9
hsa:2321,9
hsa:81,9
hsa:5777,9
hsa:627,9
hsa:6263,9
hsa:5868,9
hsa:116443,9
hsa:116444,9
hsa:493,9
hsa:492,9
hsa:2597,9
hsa:2752,9
hsa:490,9
hsa:1081,9
hsa:56848,9
hsa:56288,9
hsa:643246,9
hsa:10298,9
hsa:5701,9
hsa:5702,9
hsa:5704,9
hsa:5705,9
hsa:5706,9
hsa:10552,9
hsa:81873,9
hsa:5707,9
hsa:5708,9
hsa:5709,9
hsa:5710,9
hsa:5713,9
hsa:5714,9
hsa:27113,9
hsa:27165,9
hsa:5717,9
hsa:5718,9
hsa:57180,9
hsa:5719,9
hsa:10213,9
hsa:2744,9
hsa:84557,9
hsa:9861,9
hsa:491,9
hsa:10096,9
hsa:9252,9
hsa:4854,9
hsa:91807,9
hsa:127,9
hsa:126,9
hsa:124,9
hsa:4803,9
hsa:1234,9
hsa:4851,9
hsa:4853,9
hsa:125,9
hsa:652,8
hsa:259307,8
hsa:6348,8
hsa:3073,8
hsa:3074,8
hsa:22798,8
hsa:143471,8
hsa:126129,8
hsa:2990,8
hsa:4254,8
hsa:8789,8
hsa:1128,8
hsa:55062,8
hsa:2322,8
hsa:8976,8
hsa:8704,8
hsa:6470,8
hsa:6472,8
hsa:3948,8
hsa:919,8
hsa:2203,8
hsa:3945,8
hsa:1514,8
hsa:3033,8
hsa:5526,8
hsa:257397,8
hsa:3679,8
hsa:6502,8
hsa:2683,8
hsa:22801,8
hsa:4312,8
hsa:2207,8
hsa:4794,8
hsa:4659,8
hsa:714,8
hsa:6647,8
hsa:3939,8
hsa:6233,8
hsa:4689,8
hsa:1558,8
hsa:983,8
hsa:35,8
hsa:414062,8
hsa:6891,8
hsa:8600,8
hsa:3596,8
hsa:218,8
hsa:1545,8
hsa:60673,8
hsa:4804,8
hsa:5687,8
hsa:5529,8
hsa:5528,8
hsa:9133,8
hsa:55276,8
hsa:5527,8
hsa:1548,8
hsa:6890,8
hsa:57144,8
hsa:5236,8
hsa:3417,8
hsa:3691,8
hsa:6349,8
hsa:1452,8
hsa:22863,8
hsa:1454,8
hsa:2324,8
hsa:5715,8
hsa:106821730,8
hsa:10627,8
hsa:1902,8
hsa:155,8
hsa:1549,8
hsa:11145,8
hsa:5525,8
hsa:160287,8
hsa:221,8
hsa:3918,8
hsa:2998,8
hsa:587,8
hsa:92483,8
hsa:8515,8
hsa:1495,8
hsa:1080,8
hsa:2997,8
hsa:6514,8
hsa:1813,8
hsa:5690,8
hsa:103910,8
hsa:3418,8
hsa:2147,8
hsa:9776,8
hsa:5598,8
hsa:3765,8
hsa:382,8
hsa:6261,8
hsa:332,8
hsa:9706,8
hsa:10327,8
hsa:10163,8
hsa:5688,8
hsa:7531,8
hsa:10319,8
hsa:5686,8
hsa:29119,8
hsa:5685,8
hsa:5684,8
hsa:100506742,8
hsa:5054,8
hsa:5683,8
hsa:6794,8
hsa:1496,8
hsa:5682,8
hsa:7494,8
hsa:5689,8
hsa:3909,8
hsa:3694,8
hsa:5691,8
hsa:340061,8
hsa:3912,8
hsa:222,8
hsa:102800317,8
hsa:3566,8
hsa:712,8
hsa:3913,8
hsa:8913,8
hsa:7311,8
hsa:3914,8
hsa:5693,8
hsa:26100,8
hsa:824,8
hsa:7450,8
hsa:3911,8
hsa:867,8
hsa:56924,8
hsa:586,8
hsa:30,8
hsa:5694,8
hsa:5695,8
hsa:5692,8
hsa:122011,8
hsa:84876,8
hsa:713,8
hsa:5443,8
hsa:4055,7
hsa:6517,7
hsa:89869,7
hsa:7316,7
hsa:18,7
hsa:151056,7
hsa:55102,7
hsa:1509,7
hsa:9846,7
hsa:5523,7
hsa:2746,7
hsa:4049,7
hsa:9568,7
hsa:2720,7
hsa:1785,7
hsa:4625,7
hsa:55012,7
hsa:2271,7
hsa:7360,7
hsa:786,7
hsa:10645,7
hsa:84335,7
hsa:55799,7
hsa:8912,7
hsa:8911,7
hsa:891,7
hsa:55811,7
hsa:5584,7
hsa:7430,7
hsa:10411,7
hsa:9170,7
hsa:64837,7
hsa:10369,7
hsa:10368,7
hsa:23643,7
hsa:3831,7
hsa:388372,7
hsa:2572,7
hsa:7529,7
hsa:760,7
hsa:823,7
hsa:257202,7
hsa:375,7
hsa:7414,7
hsa:27092,7
hsa:27091,7
hsa:27035,7
hsa:5551,7
hsa:1555,7
hsa:3991,7
hsa:2100,7
hsa:1573,7
hsa:7408,7
hsa:9821,7
hsa:55626,7
hsa:3280,7
hsa:8936,7
hsa:6401,7
hsa:8837,7
hsa:3937,7
hsa:868,7
hsa:1728,7
hsa:7534,7
hsa:9560,7
hsa:59283,7
hsa:5136,7
hsa:5137,7
hsa:1139,7
hsa:2213,7
hsa:7128,7
hsa:2846,7
hsa:2550,7
hsa:4855,7
hsa:7133,7
hsa:4314,7
hsa:6648,7
hsa:3575,7
hsa:5900,7
hsa:3579,7
hsa:4292,7
hsa:10023,7
hsa:113026,7
hsa:5153,7
hsa:1909,7
hsa:7850,7
hsa:1440,7
hsa:4218,7
hsa:226,7
hsa:5167,7
hsa:5169,7
hsa:2571,7
hsa:28227,7
hsa:4208,7
hsa:2821,7
hsa:3002,7
hsa:6696,7
hsa:9370,7
hsa:783,7
hsa:493869,7
hsa:4939,7
hsa:4940,7
hsa:5898,7
hsa:785,7
hsa:135,7
hsa:230,7
hsa:353376,7
hsa:784,7
hsa:8703,7
hsa:6778,7
hsa:5878,7
hsa:7074,7
hsa:29968,7
hsa:672,7
hsa:2882,7
hsa:5869,7
hsa:5111,7
hsa:2880,7
hsa:2878,7
hsa:2877,7
hsa:2876,7
hsa:441531,7
hsa:93589,7
hsa:23130,7
hsa:1378,7
hsa:1379,7
hsa:229,7
hsa:4190,7
hsa:84812,7
hsa:659,7
hsa:148,7
hsa:6570,7
hsa:9261,7
hsa:59285,7
hsa:5333,7
hsa:147700,7
hsa:10971,7
hsa:782,7
hsa:5366,7
hsa:7185,7
hsa:5371,7
hsa:952,7
hsa:89953,7
hsa:3600,7
hsa:4780,7
hsa:6372,7
hsa:9254,7
hsa:23401,7
hsa:6531,7
hsa:545,7
hsa:4938,7
hsa:7879,7
hsa:6374,7
hsa:4624,7
hsa:2747,7
hsa:6571,7
hsa:5350,7
hsa:11186,7
hsa:857,7
hsa:5223,7
hsa:695,7
hsa:134,7
hsa:5224,7
hsa:781,7
hsa:59284,7
hsa:2065,7
hsa:6351,7
hsa:373156,6
hsa:253314,6
hsa:1793,6
hsa:189,6
hsa:623,6
hsa:10010,6
hsa:6364,6
hsa:3481,6
hsa:5727,6
hsa:2559,6
hsa:10125,6
hsa:2560,6
hsa:3611,6
hsa:5934,6
hsa:5732,6
hsa:57121,6
hsa:3594,6
hsa:3588,6
hsa:34,6
hsa:3636,6
hsa:6403,6
hsa:2558,6
hsa:6241,6
hsa:5734,6
hsa:2023,6
hsa:5733,6
hsa:1977,6
hsa:387712,6
hsa:387332,6
hsa:2557,6
hsa:240,6
hsa:1739,6
hsa:2556,6
hsa:3516,6
hsa:2555,6
hsa:570,6
hsa:5899,6
hsa:57016,6
hsa:1946,6
hsa:3605,6
hsa:246,6
hsa:1945,6
hsa:2027,6
hsa:1944,6
hsa:1943,6
hsa:335,6
hsa:2026,6
hsa:1942,6
hsa:3587,6
hsa:83593,6
hsa:6342,6
hsa:2066,6
hsa:1910,6
hsa:9817,6
hsa:177,6
hsa:3577,6
hsa:64135,6
hsa:2554,6
hsa:2561,6
hsa:2539,6
hsa:5971,6
hsa:5837,6
hsa:5836,6
hsa:3563,6
hsa:5834,6
hsa:1958,6
hsa:3784,6
hsa:9945,6
hsa:2562,6
hsa:10235,6
hsa:873,6
hsa:2056,6
hsa:6319,6
hsa:3778,6
hsa:3635,6
hsa:9162,6
hsa:7533,6
hsa:1111,6
hsa:84706,6
hsa:5228,6
hsa:146,6
hsa:4191,6
hsa:5173,6
hsa:1129,6
hsa:23205,6
hsa:1431,6
hsa:4286,6
hsa:715,6
hsa:11317,6
hsa:4301,6
hsa:51433,6
hsa:7137,6
hsa:1133,6
hsa:11337,6
hsa:284,6
hsa:4329,6
hsa:11345,6
hsa:7167,6
hsa:658,6
hsa:113675,6
hsa:858,6
hsa:728343,6
hsa:728,6
hsa:23417,6
hsa:54567,6
hsa:84612,6
hsa:861,6
hsa:721,6
hsa:720,6
hsa:10892,6
hsa:2774,6
hsa:9519,6
hsa:7532,6
hsa:5328,6
hsa:9470,6
hsa:7170,6
hsa:717,6
hsa:859,6
hsa:147,6
hsa:11069,6
hsa:5139,6
hsa:139189,6
hsa:7314,6
hsa:927,6
hsa:4915,6
hsa:926,6
hsa:1211,6
hsa:925,6
hsa:1212,6
hsa:1213,6
hsa:132158,6
hsa:7010,6
hsa:1232,6
hsa:1311,6
hsa:48,6
hsa:6898,6
hsa:9140,6
hsa:8525,6
hsa:8526,6
hsa:4636,6
hsa:6908,6
hsa:8527,6
hsa:1281,6
hsa:22926,6
hsa:2923,6
hsa:5138,6
hsa:50,6
hsa:285,6
hsa:28514,6
hsa:7100,6
hsa:115004,6
hsa:2875,6
hsa:9365,6
hsa:29982,6
hsa:1373,6
hsa:231,6
hsa:50855,6
hsa:7082,6
hsa:7060,6
hsa:7059,6
hsa:6775,6
hsa:7058,6
hsa:5071,6
hsa:79966,6
hsa:6804,6
hsa:50484,6
hsa:1508,6
hsa:10993,6
hsa:6487,6
hsa:1609,6
hsa:56000,6
hsa:960,6
hsa:10482,6
hsa:10683,6
hsa:2717,6
hsa:7454,6
hsa:81616,6
hsa:1557,6
hsa:55902,6
hsa:156,6
hsa:157,6
hsa:6469,6
hsa:7448,6
hsa:1616,6
hsa:160851,6
hsa:7358,6
hsa:1577,6
hsa:1608,6
hsa:1581,6
hsa:3972,6
hsa:1607,6
hsa:1583,6
hsa:1606,6
hsa:3953,6
hsa:8218,6
hsa:8915,6
hsa:3952,6
hsa:1586,6
hsa:3283,6
hsa:2673,6
hsa:56001,6
hsa:3284,6
hsa:10333,6
hsa:2194,6
hsa:405,6
hsa:567,6
hsa:1636,6
hsa:84552,6
hsa:84532,6
hsa:8644,6
hsa:5663,6
hsa:27306,6
hsa:23710,6
hsa:1511,6
hsa:29760,5
hsa:8379,5
hsa:79602,5
hsa:3295,5
hsa:29882,5
hsa:2641,5
hsa:2567,5
hsa:2565,5
hsa:2566,5
hsa:821,5
hsa:8202,5
hsa:3419,5
hsa:2889,5
hsa:2052,5
hsa:2568,5
hsa:820,5
hsa:2569,5
hsa:239,5
hsa:29895,5
hsa:29922,5
hsa:29107,5
hsa:26285,5
hsa:843,5
hsa:29935,5
hsa:256076,5
hsa:3421,5
hsa:2266,5
hsa:25780,5
hsa:2053,5
hsa:29926,5
hsa:26275,5
hsa:29925,5
hsa:8290,5
hsa:3420,5
hsa:24146,5
hsa:2937,5
hsa:23566,5
hsa:2563,5
hsa:23562,5
hsa:3329,5
hsa:2564,5
hsa:8697,5
hsa:25847,5
hsa:333932,5
hsa:2729,5
hsa:2730,5
hsa:84693,5
hsa:2592,5
hsa:837,5
hsa:83660,5
hsa:84516,5
hsa:278,5
hsa:8353,5
hsa:277,5
hsa:3164,5
hsa:8354,5
hsa:276,5
hsa:84152,5
hsa:275,5
hsa:2530,5
hsa:26007,5
hsa:8622,5
hsa:3158,5
hsa:8358,5
hsa:2521,5
hsa:26052,5
hsa:8357,5
hsa:8356,5
hsa:8355,5
hsa:79444,5
hsa:314,5
hsa:8639,5
hsa:8352,5
hsa:279,5
hsa:2354,5
hsa:27128,5
hsa:2688,5
hsa:85417,5
hsa:221823,5
hsa:3020,5
hsa:3021,5
hsa:23175,5
hsa:3157,5
hsa:2122,5
hsa:3356,5
hsa:3032,5
hsa:3357,5
hsa:246184,5
hsa:3358,5
hsa:2689,5
hsa:3059,5
hsa:2057,5
hsa:2113,5
hsa:25906,5
hsa:2690,5
hsa:26227,5
hsa:3371,5
hsa:3242,5
hsa:2323,5
hsa:8350,5
hsa:280,5
hsa:338382,5
hsa:8351,5
hsa:29945,5
hsa:1442,5
hsa:2017,5
hsa:6608,5
hsa:675,5
hsa:5096,5
hsa:5095,5
hsa:5091,5
hsa:93408,5
hsa:6770,5
hsa:117,5
hsa:6789,5
hsa:5053,5
hsa:50507,5
hsa:5010,5
hsa:6844,5
hsa:930,5
hsa:49861,5
hsa:119504,5
hsa:9267,5
hsa:9266,5
hsa:9265,5
hsa:4891,5
hsa:51094,5
hsa:116,5
hsa:51144,5
hsa:11343,5
hsa:51733,5
hsa:9415,5
hsa:51529,5
hsa:664,5
hsa:5151,5
hsa:5144,5
hsa:51434,5
hsa:5143,5
hsa:5142,5
hsa:115650,5
hsa:5141,5
hsa:51378,5
hsa:6688,5
hsa:51284,5
hsa:6720,5
hsa:51208,5
hsa:345456,5
hsa:51164,5
hsa:4882,5
hsa:4852,5
hsa:4833,5
hsa:9104,5
hsa:131873,5
hsa:7015,5
hsa:4548,5
hsa:7037,5
hsa:1352,5
hsa:4478,5
hsa:445,5
hsa:1355,5
hsa:136,5
hsa:4599,5
hsa:9103,5
hsa:7094,5
hsa:1364,5
hsa:1365,5
hsa:1366,5
hsa:137075,5
hsa:1376,5
hsa:440275,5
hsa:4594,5
hsa:4600,5
hsa:4832,5
hsa:1291,5
hsa:1230,5
hsa:4831,5
hsa:4830,5
hsa:1233,5
hsa:1237,5
hsa:6892,5
hsa:126961,5
hsa:1280,5
hsa:1292,5
hsa:4634,5
hsa:1293,5
hsa:4671,5
hsa:4660,5
hsa:6921,5
hsa:6923,5
hsa:1297,5
hsa:1298,5
hsa:1299,5
hsa:6609,5
hsa:52,5
hsa:4363,5
hsa:5216,5
hsa:6361,5
hsa:6376,5
hsa:6382,5
hsa:10189,5
hsa:63923,5
hsa:5742,5
hsa:10201,5
hsa:9844,5
hsa:9826,5
hsa:56994,5
hsa:1031,5
hsa:64223,5
hsa:9759,5
hsa:5649,5
hsa:5634,5
hsa:5631,5
hsa:5618,5
hsa:10392,5
hsa:10393,5
hsa:6356,5
hsa:991,5
hsa:57804,5
hsa:5914,5
hsa:6120,5
hsa:6119,5
hsa:6118,5
hsa:6117,5
hsa:100132463,5
hsa:10014,5
hsa:5979,5
hsa:5933,5
hsa:100288814,5
hsa:993,5
hsa:6240,5
hsa:996,5
hsa:100506658,5
hsa:5861,5
hsa:58498,5
hsa:58484,5
hsa:995,5
hsa:5788,5
hsa:5617,5
hsa:5607,5
hsa:10449,5
hsa:5372,5
hsa:653604,5
hsa:5425,5
hsa:5424,5
hsa:5406,5
hsa:54,5
hsa:654364,5
hsa:53842,5
hsa:5373,5
hsa:657,5
hsa:54776,5
hsa:10998,5
hsa:5327,5
hsa:11035,5
hsa:5292,5
hsa:5241,5
hsa:5232,5
hsa:5230,5
hsa:5217,5
hsa:10810,5
hsa:5481,5
hsa:55916,5
hsa:6482,5
hsa:55879,5
hsa:644672,5
hsa:9663,5
hsa:10540,5
hsa:10554,5
hsa:10555,5
hsa:1056,5
hsa:64682,5
hsa:6483,5
hsa:54995,5
hsa:64900,5
hsa:64902,5
hsa:10671,5
hsa:10686,5
hsa:10714,5
hsa:1072,5
hsa:1073,5
hsa:650,5
hsa:440093,5
hsa:2570,5
hsa:3929,5
hsa:7253,5
hsa:8792,5
hsa:3659,5
hsa:384,5
hsa:1807,5
hsa:9002,5
hsa:1589,5
hsa:1743,5
hsa:1443,5
hsa:1742,5
hsa:4215,5
hsa:3574,5
hsa:731,5
hsa:1441,5
hsa:4261,5
hsa:719,5
hsa:8767,5
hsa:3595,5
hsa:1806,5
hsa:1610,5
hsa:7498,5
hsa:1737,5
hsa:8881,5
hsa:8835,5
hsa:149461,5
hsa:3714,5
hsa:7168,5
hsa:1639,5
hsa:3984,5
hsa:3601,5
hsa:1642,5
hsa:729020,5
hsa:1491,5
hsa:4158,5
hsa:1605,5
hsa:716,5
hsa:3973,5
hsa:142,5
hsa:149233,5
hsa:3728,5
hsa:8766,5
hsa:9076,5
hsa:200186,5
hsa:1392,5
hsa:9080,5
hsa:200576,5
hsa:4351,5
hsa:4353,5
hsa:8968,5
hsa:200895,5
hsa:733,5
hsa:200959,5
hsa:375189,5
hsa:1520,5
hsa:7122,5
hsa:735,5
hsa:1540,5
hsa:7220,5
hsa:9075,5
hsa:374,5
hsa:1969,5
hsa:1719,5
hsa:7148,5
hsa:7143,5
hsa:732,5
hsa:1759,5
hsa:7252,5
hsa:1513,5
hsa:140679,5
hsa:7134,5
hsa:9071,5
hsa:9073,5
hsa:9074,5
hsa:383,5
hsa:7421,5
hsa:5646,4
hsa:8332,4
hsa:5645,4
hsa:3015,4
hsa:2639,4
hsa:8334,4
hsa:56894,4
hsa:3706,4
hsa:3707,4
hsa:64240,4
hsa:83401,4
hsa:26289,4
hsa:2629,4
hsa:8331,4
hsa:8340,4
hsa:5664,4
hsa:3381,4
hsa:8339,4
hsa:8338,4
hsa:8337,4
hsa:8336,4
hsa:56477,4
hsa:8335,4
hsa:64241,4
hsa:55860,4
hsa:2648,4
hsa:5644,4
hsa:6445,4
hsa:6446,4
hsa:2678,4
hsa:3727,4
hsa:268,4
hsa:3355,4
hsa:3354,4
hsa:55669,4
hsa:2687,4
hsa:64581,4
hsa:3352,4
hsa:55586,4
hsa:27,4
hsa:64750,4
hsa:6476,4
hsa:55506,4
hsa:554313,4
hsa:3351,4
hsa:3350,4
hsa:6444,4
hsa:55748,4
hsa:6443,4
hsa:3362,4
hsa:8330,4
hsa:8329,4
hsa:338,4
hsa:26508,4
hsa:56267,4
hsa:337,4
hsa:3363,4
hsa:2653,4
hsa:3360,4
hsa:55766,4
hsa:8309,4
hsa:8294,4
hsa:56895,4
hsa:8277,4
hsa:5585,4
hsa:64399,4
hsa:64419,4
hsa:6442,4
hsa:3703,4
hsa:8348,4
hsa:8341,4
hsa:3620,4
hsa:7923,4
hsa:5792,4
hsa:83740,4
hsa:83737,4
hsa:36,4
hsa:5770,4
hsa:6354,4
hsa:83700,4
hsa:8370,4
hsa:8369,4
hsa:8342,4
hsa:8368,4
hsa:8367,4
hsa:6357,4
hsa:57571,4
hsa:3632,4
hsa:8366,4
hsa:57552,4
hsa:25942,4
hsa:8365,4
hsa:3589,4
hsa:2584,4
hsa:58494,4
hsa:25828,4
hsa:6188,4
hsa:6185,4
hsa:6184,4
hsa:790,4
hsa:79071,4
hsa:6095,4
hsa:60481,4
hsa:6041,4
hsa:3486,4
hsa:597,4
hsa:5962,4
hsa:7849,4
hsa:5915,4
hsa:353500,4
hsa:59067,4
hsa:3556,4
hsa:2582,4
hsa:5888,4
hsa:3568,4
hsa:6363,4
hsa:8364,4
hsa:6366,4
hsa:57154,4
hsa:57134,4
hsa:8349,4
hsa:5538,4
hsa:8347,4
hsa:37,4
hsa:8346,4
hsa:57118,4
hsa:8345,4
hsa:57104,4
hsa:2625,4
hsa:57084,4
hsa:2626,4
hsa:64127,4
hsa:57030,4
hsa:641371,4
hsa:8344,4
hsa:56953,4
hsa:8343,4
hsa:64170,4
hsa:2618,4
hsa:57172,4
hsa:6367,4
hsa:5723,4
hsa:6370,4
hsa:6373,4
hsa:8363,4
hsa:8362,4
hsa:8361,4
hsa:25978,4
hsa:8360,4
hsa:26,4
hsa:367,4
hsa:6383,4
hsa:6385,4
hsa:8359,4
hsa:63916,4
hsa:339896,4
hsa:3398,4
hsa:3397,4
hsa:6396,4
hsa:5741,4
hsa:5731,4
hsa:64834,4
hsa:54822,4
hsa:55326,4
hsa:2931,4
hsa:2914,4
hsa:7175,4
hsa:7173,4
hsa:4085,4
hsa:496,4
hsa:495,4
hsa:6868,4
hsa:4086,4
hsa:7171,4
hsa:4121,4
hsa:730,4
hsa:2936,4
hsa:4909,4
hsa:4908,4
hsa:4907,4
hsa:7169,4
hsa:4137,4
hsa:4860,4
hsa:4143,4
hsa:4144,4
hsa:2913,4
hsa:2912,4
hsa:683,4
hsa:5021,4
hsa:3146,4
hsa:7298,4
hsa:51102,4
hsa:7295,4
hsa:729,4
hsa:6750,4
hsa:6752,4
hsa:50940,4
hsa:50848,4
hsa:290,4
hsa:7264,4
hsa:7263,4
hsa:6785,4
hsa:79993,4
hsa:2909,4
hsa:50616,4
hsa:50615,4
hsa:723790,4
hsa:5028,4
hsa:4149,4
hsa:7166,4
hsa:4153,4
hsa:29927,4
hsa:7139,4
hsa:70,4
hsa:4311,4
hsa:79784,4
hsa:4338,4
hsa:4437,4
hsa:4436,4
hsa:3028,4
hsa:7086,4
hsa:79837,4
hsa:435,4
hsa:4357,4
hsa:440689,4
hsa:3000,4
hsa:3018,4
hsa:3017,4
hsa:7113,4
hsa:3012,4
hsa:3013,4
hsa:4627,4
hsa:4628,4
hsa:6888,4
hsa:4629,4
hsa:7161,4
hsa:4758,4
hsa:474382,4
hsa:474381,4
hsa:4734,4
hsa:2956,4
hsa:7991,4
hsa:4170,4
hsa:471,4
hsa:4199,4
hsa:4690,4
hsa:4686,4
hsa:4205,4
hsa:29851,4
hsa:30835,4
hsa:30833,4
hsa:427,4
hsa:4283,4
hsa:4297,4
hsa:3155,4
hsa:51179,4
hsa:6489,4
hsa:5408,4
hsa:388585,4
hsa:6522,4
hsa:5467,4
hsa:7514,4
hsa:54541,4
hsa:54511,4
hsa:2762,4
hsa:54363,4
hsa:54145,4
hsa:2769,4
hsa:6723,4
hsa:5407,4
hsa:7428,4
hsa:654,4
hsa:33,4
hsa:655,4
hsa:3916,4
hsa:6550,4
hsa:656,4
hsa:5347,4
hsa:3014,4
hsa:54898,4
hsa:6506,4
hsa:3836,4
hsa:27102,4
hsa:553,4
hsa:374875,4
hsa:3759,4
hsa:377841,4
hsa:552,4
hsa:3781,4
hsa:55176,4
hsa:3783,4
hsa:2731,4
hsa:7709,4
hsa:551,4
hsa:2735,4
hsa:55054,4
hsa:2736,4
hsa:2737,4
hsa:27429,4
hsa:27430,4
hsa:65018,4
hsa:5346,4
hsa:5340,4
hsa:53342,4
hsa:2826,4
hsa:7372,4
hsa:51588,4
hsa:51548,4
hsa:4023,4
hsa:51495,4
hsa:51478,4
hsa:51465,4
hsa:7350,4
hsa:7329,4
hsa:8061,4
hsa:7327,4
hsa:51380,4
hsa:7326,4
hsa:5130,4
hsa:51268,4
hsa:80271,4
hsa:286436,4
hsa:6722,4
hsa:3156,4
hsa:51701,4
hsa:6611,4
hsa:3920,4
hsa:51727,4
hsa:3290,4
hsa:5305,4
hsa:7415,4
hsa:5288,4
hsa:5287,4
hsa:5286,4
hsa:5243,4
hsa:3976,4
hsa:5226,4
hsa:3978,4
hsa:5209,4
hsa:5208,4
hsa:5207,4
hsa:3985,4
hsa:4000,4
hsa:2811,4
hsa:5175,4
hsa:401494,4
hsa:317772,4
hsa:51166,4
hsa:10,4
hsa:1101,4
hsa:114483833,4
hsa:1488,4
hsa:1493,4
hsa:1051,4
hsa:92815,4
hsa:10846,4
hsa:100861540,4
hsa:1137,4
hsa:2058,4
hsa:9380,4
hsa:1141,4
hsa:1050,4
hsa:8528,4
hsa:205,4
hsa:9374,4
hsa:2357,4
hsa:93,4
hsa:9927,4
hsa:93034,4
hsa:8440,4
hsa:2356,4
hsa:1890,4
hsa:19,4
hsa:1650,4
hsa:10062,4
hsa:10332,4
hsa:85236,4
hsa:85235,4
hsa:103,4
hsa:8453,4
hsa:1487,4
hsa:2316,4
hsa:84618,4
hsa:112744,4
hsa:10121,4
hsa:10533,4
hsa:8536,4
hsa:10120,4
hsa:124454,4
hsa:107987478,4
hsa:107987479,4
hsa:1244,4
hsa:9230,4
hsa:2272,4
hsa:1593,4
hsa:121278,4
hsa:956,4
hsa:10803,4
hsa:2069,4
hsa:122970,4
hsa:9555,4
hsa:9001,4
hsa:90,4
hsa:122809,4
hsa:9,4
hsa:122622,4
hsa:122481,4
hsa:121504,4
hsa:10873,4
hsa:204,4
hsa:1258,4
hsa:1645,4
hsa:196,4
hsa:1562,4
hsa:8740,4
hsa:23462,4
hsa:100526760,4
hsa:1564,4
hsa:10390,4
hsa:100526794,4
hsa:93432,4
hsa:1565,4
hsa:23493,4
hsa:162417,4
hsa:10952,4
hsa:23480,4
hsa:197258,4
hsa:158,4
hsa:158067,4
hsa:161,4
hsa:1603,4
hsa:1584,4
hsa:875,4
hsa:197322,4
hsa:160,4
hsa:1594,4
hsa:158983,4
hsa:159,4
hsa:1591,4
hsa:1959,4
hsa:22978,4
hsa:1551,4
hsa:1173,4
hsa:9368,4
hsa:1907,4
hsa:1908,4
hsa:151449,4
hsa:10459,4
hsa:203,4
hsa:118424,4
hsa:10458,4
hsa:994,4
hsa:201595,4
hsa:201562,4
hsa:1175,4
hsa:8897,4
hsa:9524,4
hsa:10423,4
hsa:22934,4
hsa:22938,4
hsa:8972,4
hsa:8970,4
hsa:8969,4
hsa:8790,4
hsa:10965,4
hsa:10905,4
hsa:953,4
hsa:23513,4
hsa:163,4
hsa:125061,4
hsa:95,4
hsa:246213,4
hsa:255626,4
hsa:10673,4
hsa:9583,4
hsa:1020,4
hsa:2318,4
hsa:8648,4
hsa:8850,4
hsa:2224,4
hsa:10161,4
hsa:169355,4
hsa:883,4
hsa:1438,4
hsa:10243,4
hsa:9468,4
hsa:1816,4
hsa:9061,4
hsa:9060,4
hsa:128312,4
hsa:9896,4
hsa:8647,4
hsa:11200,4
hsa:102724560,4
hsa:221613,4
hsa:1843,4
hsa:221264,4
hsa:10690,4
hsa:9636,4
hsa:2206,4
hsa:90865,4
hsa:2548,4
hsa:1756,4
hsa:10257,4
hsa:1394,4
hsa:1109,4
hsa:220074,4
hsa:1312,4
hsa:886,4
hsa:94239,4
hsa:102724334,4
hsa:84076,4
hsa:2317,4
hsa:1380,4
hsa:85465,4
hsa:84735,4
hsa:1326,4
hsa:2205,4
hsa:1439,4
hsa:11258,4
hsa:251,4
hsa:9200,4
hsa:10013,4
hsa:1453,4
hsa:8864,4
hsa:249,4
hsa:211,4
hsa:2488,4
hsa:8396,4
hsa:9223,4
hsa:248,4
hsa:8803,4
hsa:2243,4
hsa:2244,4
hsa:8802,4
hsa:9110,4
hsa:8841,4
hsa:8801,4
hsa:8694,4
hsa:92,4
hsa:250,4
hsa:8809,4
hsa:23327,4
hsa:9054,4
hsa:212,4
hsa:8630,4
hsa:1268,4
hsa:1729,4
hsa:9181,4
hsa:102157402,4
hsa:11253,4
hsa:777,3
hsa:3726,3
hsa:3704,3
hsa:3705,3
hsa:3578,3
hsa:192111,3
hsa:1917,3
hsa:8836,3
hsa:196385,3
hsa:8829,3
hsa:8833,3
hsa:1723,3
hsa:5257,3
hsa:5260,3
hsa:1741,3
hsa:374654,3
hsa:5261,3
hsa:374378,3
hsa:8764,3
hsa:1960,3
hsa:195814,3
hsa:197259,3
hsa:1740,3
hsa:8826,3
hsa:8776,3
hsa:53354,3
hsa:358,3
hsa:3624,3
hsa:5297,3
hsa:10999,3
hsa:1827,3
hsa:3612,3
hsa:3613,3
hsa:3614,3
hsa:5298,3
hsa:3615,3
hsa:11001,3
hsa:1848,3
hsa:3625,3
hsa:1854,3
hsa:3626,3
hsa:11009,3
hsa:53,3
hsa:3628,3
hsa:3631,3
hsa:11019,3
hsa:8807,3
hsa:3651,3
hsa:3633,3
hsa:7802,3
hsa:8818,3
hsa:9466,3
hsa:3581,3
hsa:1781,3
hsa:3702,3
hsa:1915,3
hsa:8821,3
hsa:109703458,3
hsa:1767,3
hsa:1768,3
hsa:1769,3
hsa:1770,3
hsa:1778,3
hsa:1780,3
hsa:3590,3
hsa:10991,3
hsa:1901,3
hsa:3687,3
hsa:1783,3
hsa:1786,3
hsa:3597,3
hsa:1788,3
hsa:1875,3
hsa:1874,3
hsa:1789,3
hsa:186,3
hsa:83933,3
hsa:954,3
hsa:1975,3
hsa:3315,3
hsa:10747,3
hsa:55072,3
hsa:3308,3
hsa:8673,3
hsa:10746,3
hsa:10744,3
hsa:55110,3
hsa:8671,3
hsa:10728,3
hsa:3294,3
hsa:3292,3
hsa:3291,3
hsa:55163,3
hsa:2168,3
hsa:10715,3
hsa:2150,3
hsa:2146,3
hsa:79603,3
hsa:3339,3
hsa:10787,3
hsa:957,3
hsa:338376,3
hsa:6511,3
hsa:8693,3
hsa:210,3
hsa:3373,3
hsa:8692,3
hsa:3361,3
hsa:54928,3
hsa:6507,3
hsa:6505,3
hsa:54947,3
hsa:54963,3
hsa:5498,3
hsa:8659,3
hsa:9601,3
hsa:6558,3
hsa:10654,3
hsa:9618,3
hsa:55300,3
hsa:3163,3
hsa:55304,3
hsa:8643,3
hsa:55312,3
hsa:3145,3
hsa:8632,3
hsa:10632,3
hsa:8625,3
hsa:64841,3
hsa:862,3
hsa:55361,3
hsa:9630,3
hsa:55367,3
hsa:79709,3
hsa:79695,3
hsa:3274,3
hsa:318,3
hsa:55191,3
hsa:3269,3
hsa:326625,3
hsa:3251,3
hsa:9611,3
hsa:79623,3
hsa:8654,3
hsa:79644,3
hsa:79646,3
hsa:10678,3
hsa:55255,3
hsa:79659,3
hsa:79671,3
hsa:3190,3
hsa:10670,3
hsa:9563,3
hsa:9562,3
hsa:10797,3
hsa:7874,3
hsa:10901,3
hsa:3467,3
hsa:346606,3
hsa:79001,3
hsa:54107,3
hsa:54187,3
hsa:201625,3
hsa:5423,3
hsa:5255,3
hsa:5426,3
hsa:5427,3
hsa:203228,3
hsa:79065,3
hsa:204219,3
hsa:8714,3
hsa:2010,3
hsa:53947,3
hsa:6520,3
hsa:2005,3
hsa:53630,3
hsa:8760,3
hsa:7841,3
hsa:9514,3
hsa:1991,3
hsa:9517,3
hsa:10928,3
hsa:351,3
hsa:53832,3
hsa:199857,3
hsa:349565,3
hsa:8741,3
hsa:53833,3
hsa:874,3
hsa:10919,3
hsa:5434,3
hsa:5435,3
hsa:79087,3
hsa:5437,3
hsa:955,3
hsa:10841,3
hsa:340485,3
hsa:10825,3
hsa:10818,3
hsa:9551,3
hsa:9554,3
hsa:54583,3
hsa:2067,3
hsa:65263,3
hsa:8698,3
hsa:5471,3
hsa:6523,3
hsa:5473,3
hsa:65220,3
hsa:8701,3
hsa:653,3
hsa:7919,3
hsa:3425,3
hsa:5440,3
hsa:79139,3
hsa:54407,3
hsa:5441,3
hsa:7915,3
hsa:9542,3
hsa:342371,3
hsa:9547,3
hsa:3423,3
hsa:10855,3
hsa:8706,3
hsa:8702,3
hsa:10850,3
hsa:54498,3
hsa:5256,3
hsa:1667,3
hsa:5238,3
hsa:123263,3
hsa:4094,3
hsa:4800,3
hsa:4801,3
hsa:9232,3
hsa:1236,3
hsa:1235,3
hsa:4074,3
hsa:123099,3
hsa:410,3
hsa:902,3
hsa:4838,3
hsa:9246,3
hsa:122618,3
hsa:7222,3
hsa:4879,3
hsa:4880,3
hsa:147179,3
hsa:411,3
hsa:7322,3
hsa:146664,3
hsa:9217,3
hsa:4756,3
hsa:4759,3
hsa:414328,3
hsa:9227,3
hsa:4763,3
hsa:4142,3
hsa:4141,3
hsa:4116,3
hsa:146754,3
hsa:1259,3
hsa:4771,3
hsa:4124,3
hsa:124975,3
hsa:4122,3
hsa:124583,3
hsa:4886,3
hsa:9249,3
hsa:4905,3
hsa:5019,3
hsa:7299,3
hsa:729920,3
hsa:5008,3
hsa:5009,3
hsa:730394,3
hsa:6833,3
hsa:7306,3
hsa:150763,3
hsa:92552,3
hsa:5020,3
hsa:8985,3
hsa:7317,3
hsa:7318,3
hsa:5023,3
hsa:5024,3
hsa:7321,3
hsa:6846,3
hsa:4988,3
hsa:686,3
hsa:7296,3
hsa:4916,3
hsa:4928,3
hsa:493911,3
hsa:728340,3
hsa:1500,3
hsa:728358,3
hsa:728819,3
hsa:92935,3
hsa:4952,3
hsa:4953,3
hsa:729230,3
hsa:4967,3
hsa:4973,3
hsa:1503,3
hsa:4985,3
hsa:125981,3
hsa:1263,3
hsa:145226,3
hsa:441024,3
hsa:1361,3
hsa:91012,3
hsa:9101,3
hsa:1371,3
hsa:910,3
hsa:91,3
hsa:137964,3
hsa:138050,3
hsa:699,3
hsa:7018,3
hsa:131890,3
hsa:7012,3
hsa:131870,3
hsa:138429,3
hsa:440138,3
hsa:440,3
hsa:442117,3
hsa:7030,3
hsa:7084,3
hsa:7083,3
hsa:133686,3
hsa:7056,3
hsa:100,3
hsa:1353,3
hsa:4522,3
hsa:1359,3
hsa:443,3
hsa:706,3
hsa:911,3
hsa:4524,3
hsa:7066,3
hsa:4534,3
hsa:9108,3
hsa:913,3
hsa:9107,3
hsa:6999,3
hsa:4361,3
hsa:126792,3
hsa:4668,3
hsa:4637,3
hsa:6929,3
hsa:129642,3
hsa:129607,3
hsa:6916,3
hsa:4287,3
hsa:6915,3
hsa:4282,3
hsa:909,3
hsa:4669,3
hsa:4247,3
hsa:4245,3
hsa:4242,3
hsa:127602,3
hsa:9180,3
hsa:4209,3
hsa:129807,3
hsa:140838,3
hsa:4303,3
hsa:4635,3
hsa:9088,3
hsa:4598,3
hsa:4342,3
hsa:1395,3
hsa:4337,3
hsa:6935,3
hsa:140,3
hsa:130589,3
hsa:140465,3
hsa:91373,3
hsa:4323,3
hsa:4322,3
hsa:130399,3
hsa:130367,3
hsa:140775,3
hsa:406902,3
hsa:7323,3
hsa:11185,3
hsa:51684,3
hsa:11273,3
hsa:51601,3
hsa:112724,3
hsa:51619,3
hsa:387787,3
hsa:8867,3
hsa:6622,3
hsa:112483,3
hsa:51564,3
hsa:112399,3
hsa:79717,3
hsa:7704,3
hsa:7706,3
hsa:3841,3
hsa:3840,3
hsa:1668,3
hsa:5158,3
hsa:112817,3
hsa:5027,3
hsa:11320,3
hsa:6675,3
hsa:114112,3
hsa:113612,3
hsa:1136,3
hsa:9388,3
hsa:6652,3
hsa:113235,3
hsa:5145,3
hsa:11282,3
hsa:762,3
hsa:1132,3
hsa:8871,3
hsa:5148,3
hsa:5150,3
hsa:11285,3
hsa:887,3
hsa:3839,3
hsa:3838,3
hsa:112398,3
hsa:5196,3
hsa:168391,3
hsa:8851,3
hsa:65985,3
hsa:3779,3
hsa:3777,3
hsa:3776,3
hsa:885,3
hsa:5197,3
hsa:6610,3
hsa:3767,3
hsa:8844,3
hsa:376497,3
hsa:1120,3
hsa:9429,3
hsa:1119,3
hsa:521,3
hsa:51809,3
hsa:51805,3
hsa:1675,3
hsa:1674,3
hsa:1669,3
hsa:166929,3
hsa:1670,3
hsa:1671,3
hsa:3824,3
hsa:3821,3
hsa:11227,3
hsa:51738,3
hsa:11226,3
hsa:3812,3
hsa:3811,3
hsa:3804,3
hsa:3803,3
hsa:3802,3
hsa:1673,3
hsa:6677,3
hsa:51343,3
hsa:1143,3
hsa:7390,3
hsa:7371,3
hsa:7378,3
hsa:154807,3
hsa:8942,3
hsa:5087,3
hsa:116442,3
hsa:7389,3
hsa:3996,3
hsa:1582,3
hsa:3993,3
hsa:3992,3
hsa:3990,3
hsa:3988,3
hsa:116285,3
hsa:51004,3
hsa:157855,3
hsa:7368,3
hsa:154141,3
hsa:933,3
hsa:402569,3
hsa:6822,3
hsa:151531,3
hsa:93100,3
hsa:7332,3
hsa:50604,3
hsa:7337,3
hsa:50614,3
hsa:4050,3
hsa:117248,3
hsa:6788,3
hsa:4036,3
hsa:4035,3
hsa:1524,3
hsa:152586,3
hsa:8973,3
hsa:3977,3
hsa:6755,3
hsa:669,3
hsa:6716,3
hsa:51143,3
hsa:1630,3
hsa:115653,3
hsa:7468,3
hsa:6718,3
hsa:8879,3
hsa:1633,3
hsa:114805,3
hsa:3955,3
hsa:1638,3
hsa:6697,3
hsa:51311,3
hsa:1646,3
hsa:5133,3
hsa:1654,3
hsa:1655,3
hsa:7456,3
hsa:115727,3
hsa:391,3
hsa:8898,3
hsa:1585,3
hsa:1588,3
hsa:6751,3
hsa:158835,3
hsa:3938,3
hsa:51056,3
hsa:392517,3
hsa:392255,3
hsa:6742,3
hsa:1604,3
hsa:1612,3
hsa:1613,3
hsa:51091,3
hsa:1629,3
hsa:51109,3
hsa:554,3
hsa:912,3
hsa:10325,3
hsa:2495,3
hsa:23600,3
hsa:64132,3
hsa:56985,3
hsa:23604,3
hsa:5972,3
hsa:285973,3
hsa:9794,3
hsa:80168,3
hsa:2868,3
hsa:56913,3
hsa:2869,3
hsa:978,3
hsa:2870,3
hsa:2872,3
hsa:80146,3
hsa:23633,3
hsa:23127,3
hsa:9775,3
hsa:5981,3
hsa:2879,3
hsa:5982,3
hsa:5983,3
hsa:5984,3
hsa:5985,3
hsa:23646,3
hsa:64131,3
hsa:5966,3
hsa:80308,3
hsa:284004,3
hsa:59272,3
hsa:2677,3
hsa:81929,3
hsa:593,3
hsa:23191,3
hsa:84433,3
hsa:10229,3
hsa:8200,3
hsa:283871,3
hsa:23553,3
hsa:10241,3
hsa:10242,3
hsa:8031,3
hsa:59341,3
hsa:80347,3
hsa:57103,3
hsa:64116,3
hsa:2358,3
hsa:594,3
hsa:64121,3
hsa:2359,3
hsa:57026,3
hsa:2852,3
hsa:84869,3
hsa:10317,3
hsa:5986,3
hsa:2643,3
hsa:2917,3
hsa:643,3
hsa:5621,3
hsa:56171,3
hsa:9734,3
hsa:22985,3
hsa:1040,3
hsa:242,3
hsa:83440,3
hsa:22953,3
hsa:22943,3
hsa:2916,3
hsa:2918,3
hsa:238,3
hsa:60490,3
hsa:60495,3
hsa:56052,3
hsa:26229,3
hsa:247,3
hsa:262,3
hsa:22916,3
hsa:2492,3
hsa:2934,3
hsa:22908,3
hsa:8513,3
hsa:2628,3
hsa:604,3
hsa:5993,3
hsa:84284,3
hsa:10331,3
hsa:23057,3
hsa:56832,3
hsa:5994,3
hsa:28964,3
hsa:56655,3
hsa:10344,3
hsa:5997,3
hsa:56624,3
hsa:56623,3
hsa:23683,3
hsa:84274,3
hsa:23765,3
hsa:6426,3
hsa:975,3
hsa:6011,3
hsa:5648,3
hsa:6428,3
hsa:56474,3
hsa:1036,3
hsa:29071,3
hsa:80025,3
hsa:10365,3
hsa:26290,3
hsa:84441,3
hsa:1022,3
hsa:10020,3
hsa:27090,3
hsa:6343,3
hsa:6344,3
hsa:23475,3
hsa:57704,3
hsa:6346,3
hsa:2740,3
hsa:2710,3
hsa:57678,3
hsa:100528030,3
hsa:27094,3
hsa:23435,3
hsa:635,3
hsa:27349,3
hsa:9915,3
hsa:27436,3
hsa:23495,3
hsa:6355,3
hsa:23498,3
hsa:23410,3
hsa:10111,3
hsa:27019,3
hsa:27010,3
hsa:6358,3
hsa:6359,3
hsa:27115,3
hsa:27345,3
hsa:6362,3
hsa:27294,3
hsa:5831,3
hsa:27235,3
hsa:5832,3
hsa:5833,3
hsa:5819,3
hsa:5818,3
hsa:6310,3
hsa:100532731,3
hsa:81537,3
hsa:6311,3
hsa:8450,3
hsa:5805,3
hsa:2712,3
hsa:629,3
hsa:9939,3
hsa:58528,3
hsa:2346,3
hsa:6272,3
hsa:10059,3
hsa:8451,3
hsa:2733,3
hsa:10063,3
hsa:27123,3
hsa:27121,3
hsa:6360,3
hsa:8569,3
hsa:81858,3
hsa:2686,3
hsa:9869,3
hsa:84444,3
hsa:10195,3
hsa:5921,3
hsa:63976,3
hsa:5739,3
hsa:5737,3
hsa:10197,3
hsa:6404,3
hsa:5922,3
hsa:2829,3
hsa:8480,3
hsa:2815,3
hsa:84803,3
hsa:84818,3
hsa:23193,3
hsa:5923,3
hsa:57292,3
hsa:64064,3
hsa:80854,3
hsa:8085,3
hsa:10207,3
hsa:5724,3
hsa:2833,3
hsa:63917,3
hsa:2814,3
hsa:10126,3
hsa:58985,3
hsa:84620,3
hsa:6368,3
hsa:26999,3
hsa:6369,3
hsa:10133,3
hsa:1003,3
hsa:10135,3
hsa:2695,3
hsa:23516,3
hsa:2693,3
hsa:84649,3
hsa:100289462,3
hsa:2812,3
hsa:6375,3
hsa:59,3
hsa:63826,3
hsa:57452,3
hsa:5745,3
hsa:2796,3
hsa:2797,3
hsa:2799,3
hsa:5901,3
hsa:2810,3
hsa:9882,3
hsa:6432,3
hsa:6303,3
hsa:29920,3
hsa:9693,3
hsa:2526,3
hsa:55613,3
hsa:2588,3
hsa:79885,3
hsa:64398,3
hsa:85477,3
hsa:2581,3
hsa:2589,3
hsa:2986,3
hsa:83594,3
hsa:645,3
hsa:79888,3
hsa:25898,3
hsa:3084,3
hsa:64409,3
hsa:2524,3
hsa:2523,3
hsa:79792,3
hsa:55845,3
hsa:648,3
hsa:2590,3
hsa:29785,3
hsa:8554,3
hsa:26060,3
hsa:2593,3
hsa:25796,3
hsa:5586,3
hsa:6480,3
hsa:6477,3
hsa:64411,3
hsa:253782,3
hsa:55577,3
hsa:55740,3
hsa:64446,3
hsa:2585,3
hsa:55567,3
hsa:29949,3
hsa:253430,3
hsa:25834,3
hsa:3071,3
hsa:55568,3
hsa:2595,3
hsa:85365,3
hsa:29954,3
hsa:253558,3
hsa:55534,3
hsa:55526,3
hsa:3055,3
hsa:55753,3
hsa:64422,3
hsa:25865,3
hsa:25981,3
hsa:79868,3
hsa:10587,3
hsa:29956,3
hsa:6448,3
hsa:10585,3
hsa:644150,3
hsa:64768,3
hsa:10580,3
hsa:10005,3
hsa:8540,3
hsa:55869,3
hsa:79796,3
hsa:10616,3
hsa:554235,3
hsa:2235,3
hsa:10563,3
hsa:2959,3
hsa:83549,3
hsa:8411,3
hsa:9700,3
hsa:259230,3
hsa:2512,3
hsa:55907,3
hsa:83544,3
hsa:2237,3
hsa:8564,3
hsa:79813,3
hsa:972,3
hsa:10558,3
hsa:83729,3
hsa:22876,3
hsa:30001,3
hsa:8566,3
hsa:8372,3
hsa:30009,3
hsa:2591,3
hsa:64802,3
hsa:8560,3
hsa:25902,3
hsa:55630,3
hsa:2965,3
hsa:5587,3
hsa:6097,3
hsa:2967,3
hsa:83667,3
hsa:254531,3
hsa:2966,3
hsa:2968,3
hsa:256435,3
hsa:5052,2
hsa:7019,2
hsa:100310812,2
hsa:9314,2
hsa:10026,2
hsa:7027,2
hsa:5896,2
hsa:5897,2
hsa:6154,2
hsa:117579,2
hsa:5889,2
hsa:7005,2
hsa:9331,2
hsa:6790,2
hsa:117145,2
hsa:7006,2
hsa:9334,2
hsa:6809,2
hsa:116986,2
hsa:5903,2
hsa:50700,2
hsa:6159,2
hsa:1179,2
hsa:1317,2
hsa:5080,2
hsa:6157,2
hsa:93183,2
hsa:50807,2
hsa:10021,2
hsa:6158,2
hsa:6235,2
hsa:50808,2
hsa:117247,2
hsa:100271849,2
hsa:6786,2
hsa:7004,2
hsa:50613,2
hsa:50814,2
hsa:10022,2
hsa:1174,2
hsa:7003,2
hsa:6155,2
hsa:701,2
hsa:5902,2
hsa:93166,2
hsa:6783,2
hsa:6156,2
hsa:9341,2
hsa:1260,2
hsa:6160,2
hsa:1000,2
hsa:51060,2
hsa:6189,2
hsa:100529239,2
hsa:9348,2
hsa:58497,2
hsa:58508,2
hsa:1161,2
hsa:51032,2
hsa:58510,2
hsa:133121,2
hsa:6181,2
hsa:9127,2
hsa:133,2
hsa:6187,2
hsa:5859,2
hsa:100008587,2
hsa:100529097,2
hsa:5860,2
hsa:10006,2
hsa:116255,2
hsa:51065,2
hsa:10053,2
hsa:51068,2
hsa:58478,2
hsa:1159,2
hsa:51100,2
hsa:1160,2
hsa:9942,2
hsa:51085,2
hsa:51084,2
hsa:7038,2
hsa:6192,2
hsa:51082,2
hsa:9349,2
hsa:4507,2
hsa:91252,2
hsa:100533105,2
hsa:6191,2
hsa:58472,2
hsa:51074,2
hsa:9126,2
hsa:51071,2
hsa:6296,2
hsa:51020,2
hsa:6176,2
hsa:9342,2
hsa:5092,2
hsa:6810,2
hsa:100509620,2
hsa:100507436,2
hsa:100506013,2
hsa:50943,2
hsa:132,2
hsa:1164,2
hsa:100505767,2
hsa:5093,2
hsa:6166,2
hsa:6175,2
hsa:10039,2
hsa:6165,2
hsa:4549,2
hsa:4550,2
hsa:6164,2
hsa:5886,2
hsa:5887,2
hsa:6161,2
hsa:10038,2
hsa:6259,2
hsa:4544,2
hsa:4543,2
hsa:100526767,2
hsa:6753,2
hsa:132864,2
hsa:132789,2
hsa:6173,2
hsa:100529063,2
hsa:6171,2
hsa:100528032,2
hsa:132430,2
hsa:6170,2
hsa:6169,2
hsa:6168,2
hsa:51005,2
hsa:5864,2
hsa:132014,2
hsa:6167,2
hsa:50964,2
hsa:1163,2
hsa:100528021,2
hsa:100526842,2
hsa:5051,2
hsa:6234,2
hsa:5050,2
hsa:100169754,2
hsa:6122,2
hsa:122786,2
hsa:6121,2
hsa:6222,2
hsa:100169755,2
hsa:122876,2
hsa:4837,2
hsa:47,2
hsa:92359,2
hsa:622,2
hsa:5049,2
hsa:100101267,2
hsa:91734,2
hsa:92335,2
hsa:6013,2
hsa:127550,2
hsa:4824,2
hsa:127281,2
hsa:6019,2
hsa:602,2
hsa:92421,2
hsa:9245,2
hsa:91653,2
hsa:128866,2
hsa:613,2
hsa:466,2
hsa:120892,2
hsa:91543,2
hsa:6129,2
hsa:6128,2
hsa:6125,2
hsa:6124,2
hsa:129401,2
hsa:6123,2
hsa:4683,2
hsa:1215,2
hsa:4684,2
hsa:122042,2
hsa:4864,2
hsa:51107,2
hsa:4685,2
hsa:6223,2
hsa:128869,2
hsa:123688,2
hsa:4809,2
hsa:123876,2
hsa:100132285,2
hsa:6207,2
hsa:126374,2
hsa:60496,2
hsa:100134444,2
hsa:6206,2
hsa:6205,2
hsa:6204,2
hsa:6203,2
hsa:1262,2
hsa:6202,2
hsa:4747,2
hsa:4744,2
hsa:1261,2
hsa:608,2
hsa:6201,2
hsa:4741,2
hsa:9210,2
hsa:9215,2
hsa:4736,2
hsa:9197,2
hsa:60485,2
hsa:4802,2
hsa:125115,2
hsa:6218,2
hsa:6217,2
hsa:9177,2
hsa:124404,2
hsa:1271,2
hsa:60401,2
hsa:91782,2
hsa:100169753,2
hsa:610,2
hsa:6210,2
hsa:9984,2
hsa:6209,2
hsa:100132074,2
hsa:6208,2
hsa:479,2
hsa:9184,2
hsa:100169751,2
hsa:60482,2
hsa:1270,2
hsa:4899,2
hsa:5980,2
hsa:100169756,2
hsa:6143,2
hsa:9973,2
hsa:100169768,2
hsa:6232,2
hsa:4607,2
hsa:6142,2
hsa:6231,2
hsa:6141,2
hsa:9306,2
hsa:100169767,2
hsa:6139,2
hsa:914,2
hsa:100169766,2
hsa:6138,2
hsa:118672,2
hsa:118788,2
hsa:6230,2
hsa:6137,2
hsa:6839,2
hsa:684,2
hsa:5025,2
hsa:5026,2
hsa:100169765,2
hsa:9972,2
hsa:131669,2
hsa:6152,2
hsa:4583,2
hsa:10007,2
hsa:5048,2
hsa:5042,2
hsa:6820,2
hsa:6945,2
hsa:9131,2
hsa:4597,2
hsa:5033,2
hsa:6821,2
hsa:6147,2
hsa:6146,2
hsa:5924,2
hsa:5030,2
hsa:5029,2
hsa:6144,2
hsa:4735,2
hsa:59343,2
hsa:100169764,2
hsa:100169757,2
hsa:100169760,2
hsa:100169758,2
hsa:6133,2
hsa:494143,2
hsa:6132,2
hsa:6130,2
hsa:6870,2
hsa:4929,2
hsa:4646,2
hsa:5973,2
hsa:4651,2
hsa:4927,2
hsa:4923,2
hsa:5976,2
hsa:6874,2
hsa:6875,2
hsa:5978,2
hsa:120071,2
hsa:120227,2
hsa:92597,2
hsa:100169759,2
hsa:6134,2
hsa:59350,2
hsa:4942,2
hsa:6229,2
hsa:130340,2
hsa:6136,2
hsa:9146,2
hsa:6228,2
hsa:6227,2
hsa:130013,2
hsa:100169763,2
hsa:4982,2
hsa:119548,2
hsa:6865,2
hsa:6224,2
hsa:6135,2
hsa:5959,2
hsa:9294,2
hsa:100169762,2
hsa:100169761,2
hsa:494551,2
hsa:6869,2
hsa:10621,2
hsa:6632,2
hsa:1158,2
hsa:5432,2
hsa:97,2
hsa:55894,2
hsa:5439,2
hsa:5438,2
hsa:9541,2
hsa:5436,2
hsa:55904,2
hsa:54344,2
hsa:6434,2
hsa:5591,2
hsa:5433,2
hsa:5431,2
hsa:55870,2
hsa:64326,2
hsa:5430,2
hsa:64324,2
hsa:55964,2
hsa:5429,2
hsa:6431,2
hsa:10455,2
hsa:9536,2
hsa:10452,2
hsa:6538,2
hsa:9533,2
hsa:10499,2
hsa:10859,2
hsa:10800,2
hsa:91181,2
hsa:10802,2
hsa:55770,2
hsa:65258,2
hsa:10524,2
hsa:55790,2
hsa:644,2
hsa:105180391,2
hsa:9688,2
hsa:10840,2
hsa:6529,2
hsa:55808,2
hsa:54518,2
hsa:653509,2
hsa:55821,2
hsa:5451,2
hsa:5583,2
hsa:64377,2
hsa:55851,2
hsa:54480,2
hsa:55862,2
hsa:54474,2
hsa:54464,2
hsa:6532,2
hsa:54434,2
hsa:6539,2
hsa:973,2
hsa:5414,2
hsa:6427,2
hsa:5630,2
hsa:6554,2
hsa:53637,2
hsa:56302,2
hsa:5360,2
hsa:5641,2
hsa:56413,2
hsa:5352,2
hsa:5351,2
hsa:9489,2
hsa:53407,2
hsa:5660,2
hsa:5413,2
hsa:56603,2
hsa:9488,2
hsa:9487,2
hsa:56616,2
hsa:6569,2
hsa:53371,2
hsa:9486,2
hsa:10345,2
hsa:10342,2
hsa:56681,2
hsa:9757,2
hsa:9739,2
hsa:642843,2
hsa:10380,2
hsa:56261,2
hsa:5411,2
hsa:10434,2
hsa:10427,2
hsa:10890,2
hsa:10413,2
hsa:5409,2
hsa:10898,2
hsa:540,2
hsa:5395,2
hsa:10402,2
hsa:10401,2
hsa:6540,2
hsa:9525,2
hsa:10400,2
hsa:10913,2
hsa:5611,2
hsa:10921,2
hsa:6430,2
hsa:56246,2
hsa:5625,2
hsa:538,2
hsa:10929,2
hsa:6429,2
hsa:10801,2
hsa:54675,2
hsa:10329,2
hsa:55233,2
hsa:55278,2
hsa:55512,2
hsa:9612,2
hsa:10606,2
hsa:55256,2
hsa:10603,2
hsa:55540,2
hsa:64754,2
hsa:55240,2
hsa:5524,2
hsa:6494,2
hsa:10682,2
hsa:9615,2
hsa:9635,2
hsa:55556,2
hsa:55224,2
hsa:55217,2
hsa:10588,2
hsa:55584,2
hsa:646625,2
hsa:10577,2
hsa:10718,2
hsa:55616,2
hsa:55624,2
hsa:9632,2
hsa:10610,2
hsa:64421,2
hsa:5546,2
hsa:10622,2
hsa:10623,2
hsa:9631,2
hsa:64806,2
hsa:6484,2
hsa:9627,2
hsa:55349,2
hsa:55437,2
hsa:64850,2
hsa:55454,2
hsa:55334,2
hsa:55331,2
hsa:106632260,2
hsa:10637,2
hsa:5547,2
hsa:9619,2
hsa:55308,2
hsa:55301,2
hsa:55500,2
hsa:64798,2
hsa:55503,2
hsa:64781,2
hsa:9616,2
hsa:10663,2
hsa:9588,2
hsa:55627,2
hsa:55120,2
hsa:548644,2
hsa:55706,2
hsa:966,2
hsa:6510,2
hsa:54905,2
hsa:54904,2
hsa:64506,2
hsa:549,2
hsa:65108,2
hsa:65109,2
hsa:55718,2
hsa:54872,2
hsa:548596,2
hsa:10568,2
hsa:65110,2
hsa:6512,2
hsa:967,2
hsa:9569,2
hsa:55746,2
hsa:1053,2
hsa:10528,2
hsa:5476,2
hsa:55750,2
hsa:55752,2
hsa:5469,2
hsa:55703,2
hsa:55697,2
hsa:64577,2
hsa:54961,2
hsa:965,2
hsa:9651,2
hsa:55650,2
hsa:5509,2
hsa:55081,2
hsa:645974,2
hsa:5507,2
hsa:9655,2
hsa:5506,2
hsa:1075,2
hsa:65010,2
hsa:55034,2
hsa:5502,2
hsa:55014,2
hsa:10758,2
hsa:10762,2
hsa:10767,2
hsa:10768,2
hsa:9575,2
hsa:54988,2
hsa:54981,2
hsa:54965,2
hsa:64579,2
hsa:10335,2
hsa:109864274,2
hsa:51111,2
hsa:6634,2
hsa:51652,2
hsa:6628,2
hsa:5163,2
hsa:51626,2
hsa:10131,2
hsa:11269,2
hsa:51604,2
hsa:990,2
hsa:112755,2
hsa:9414,2
hsa:51554,2
hsa:57580,2
hsa:10134,2
hsa:11283,2
hsa:112849,2
hsa:51547,2
hsa:51540,2
hsa:5152,2
hsa:51510,2
hsa:11315,2
hsa:5149,2
hsa:10110,2
hsa:51477,2
hsa:51471,2
hsa:51655,2
hsa:5168,2
hsa:6604,2
hsa:10162,2
hsa:6605,2
hsa:9871,2
hsa:11224,2
hsa:51735,2
hsa:11231,2
hsa:661,2
hsa:51728,2
hsa:11238,2
hsa:10170,2
hsa:9883,2
hsa:57448,2
hsa:10157,2
hsa:10136,2
hsa:9894,2
hsa:6612,2
hsa:51719,2
hsa:6613,2
hsa:10148,2
hsa:57492,2
hsa:9420,2
hsa:6616,2
hsa:51691,2
hsa:51690,2
hsa:57494,2
hsa:5147,2
hsa:9902,2
hsa:5146,2
hsa:5119,2
hsa:10057,2
hsa:9367,2
hsa:6715,2
hsa:51251,2
hsa:115019,2
hsa:115024,2
hsa:51227,2
hsa:51209,2
hsa:51206,2
hsa:1152,2
hsa:115201,2
hsa:51187,2
hsa:100996746,2
hsa:51181,2
hsa:1154,2
hsa:58191,2
hsa:6309,2
hsa:6307,2
hsa:5825,2
hsa:5826,2
hsa:63036,2
hsa:51129,2
hsa:51128,2
hsa:51121,2
hsa:5797,2
hsa:6713,2
hsa:6712,2
hsa:5795,2
hsa:6646,2
hsa:94026,2
hsa:94005,2
hsa:11332,2
hsa:113451,2
hsa:51412,2
hsa:57679,2
hsa:51393,2
hsa:57689,2
hsa:6657,2
hsa:51365,2
hsa:6672,2
hsa:57733,2
hsa:6340,2
hsa:6338,2
hsa:100653049,2
hsa:6337,2
hsa:57819,2
hsa:6692,2
hsa:9372,2
hsa:51301,2
hsa:51292,2
hsa:51289,2
hsa:51763,2
hsa:6603,2
hsa:53349,2
hsa:9456,2
hsa:56963,2
hsa:56979,2
hsa:10273,2
hsa:102725035,2
hsa:11036,2
hsa:11040,2
hsa:11041,2
hsa:102724788,2
hsa:57007,2
hsa:11059,2
hsa:9459,2
hsa:9455,2
hsa:1103,2
hsa:102724594,2
hsa:98,2
hsa:1108,2
hsa:102723996,2
hsa:6573,2
hsa:5283,2
hsa:102723849,2
hsa:102723796,2
hsa:102723555,2
hsa:9815,2
hsa:9818,2
hsa:6572,2
hsa:11027,2
hsa:6602,2
hsa:11006,2
hsa:1032,2
hsa:53343,2
hsa:9765,2
hsa:109864281,2
hsa:10314,2
hsa:10990,2
hsa:56893,2
hsa:9771,2
hsa:109910381,2
hsa:5329,2
hsa:56898,2
hsa:6419,2
hsa:56954,2
hsa:10288,2
hsa:56922,2
hsa:10284,2
hsa:10280,2
hsa:947,2
hsa:11024,2
hsa:11025,2
hsa:9791,2
hsa:11026,2
hsa:56950,2
hsa:10277,2
hsa:5281,2
hsa:57105,2
hsa:5279,2
hsa:6598,2
hsa:5720,2
hsa:5210,2
hsa:5721,2
hsa:64087,2
hsa:64080,2
hsa:5198,2
hsa:10203,2
hsa:6591,2
hsa:6595,2
hsa:5730,2
hsa:6597,2
hsa:102,2
hsa:10254,2
hsa:6599,2
hsa:5188,2
hsa:5187,2
hsa:51816,2
hsa:9855,2
hsa:57379,2
hsa:6601,2
hsa:5740,2
hsa:63970,2
hsa:9863,2
hsa:11214,2
hsa:11181,2
hsa:1118,2
hsa:11164,2
hsa:11157,2
hsa:57122,2
hsa:5277,2
hsa:10250,2
hsa:57132,2
hsa:10249,2
hsa:9454,2
hsa:6580,2
hsa:64109,2
hsa:64101,2
hsa:9453,2
hsa:5268,2
hsa:57171,2
hsa:11105,2
hsa:641,2
hsa:57181,2
hsa:57187,2
hsa:9843,2
hsa:5244,2
hsa:11112,2
hsa:57192,2
hsa:9447,2
hsa:11128,2
hsa:11151,2
hsa:5452,2
hsa:139760,2
hsa:7044,2
hsa:29958,2
hsa:3384,2
hsa:2098,2
hsa:337876,2
hsa:3375,2
hsa:8689,2
hsa:2114,2
hsa:8688,2
hsa:336,2
hsa:3359,2
hsa:8687,2
hsa:2119,2
hsa:8683,2
hsa:2131,2
hsa:2132,2
hsa:2134,2
hsa:2135,2
hsa:79586,2
hsa:3340,2
hsa:2137,2
hsa:3337,2
hsa:2145,2
hsa:215,2
hsa:3313,2
hsa:2151,2
hsa:2152,2
hsa:796,2
hsa:216,2
hsa:2162,2
hsa:2165,2
hsa:2078,2
hsa:338707,2
hsa:7941,2
hsa:7922,2
hsa:8707,2
hsa:79077,2
hsa:79094,2
hsa:79147,2
hsa:79153,2
hsa:3426,2
hsa:342574,2
hsa:79168,2
hsa:3422,2
hsa:8705,2
hsa:2054,2
hsa:79178,2
hsa:79184,2
hsa:341392,2
hsa:339221,2
hsa:341208,2
hsa:340665,2
hsa:340529,2
hsa:2068,2
hsa:340024,2
hsa:134526,2
hsa:3400,2
hsa:339983,2
hsa:3399,2
hsa:2071,2
hsa:2072,2
hsa:339403,2
hsa:79369,2
hsa:3293,2
hsa:2167,2
hsa:2169,2
hsa:3029,2
hsa:3075,2
hsa:85480,2
hsa:3067,2
hsa:2204,2
hsa:3064,2
hsa:2208,2
hsa:3052,2
hsa:3043,2
hsa:3040,2
hsa:3039,2
hsa:220988,2
hsa:3034,2
hsa:221074,2
hsa:2218,2
hsa:220,2
hsa:85464,2
hsa:221955,2
hsa:2222,2
hsa:30061,2
hsa:85414,2
hsa:85409,2
hsa:79814,2
hsa:79816,2
hsa:29986,2
hsa:29985,2
hsa:85407,2
hsa:29979,2
hsa:29978,2
hsa:3081,2
hsa:30815,2
hsa:3276,2
hsa:3172,2
hsa:3270,2
hsa:8655,2
hsa:326,2
hsa:79611,2
hsa:3236,2
hsa:79643,2
hsa:8649,2
hsa:79660,2
hsa:3178,2
hsa:317749,2
hsa:3176,2
hsa:3175,2
hsa:797,2
hsa:3170,2
hsa:30837,2
hsa:2184,2
hsa:8645,2
hsa:864,2
hsa:3141,2
hsa:8608,2
hsa:2197,2
hsa:860,2
hsa:86,2
hsa:219931,2
hsa:79723,2
hsa:3092,2
hsa:3087,2
hsa:79728,2
hsa:8708,2
hsa:8722,2
hsa:2034,2
hsa:3806,2
hsa:3837,2
hsa:166824,2
hsa:3823,2
hsa:3822,2
hsa:771,2
hsa:1672,2
hsa:3817,2
hsa:3816,2
hsa:8862,2
hsa:3814,2
hsa:3810,2
hsa:3809,2
hsa:3808,2
hsa:3805,2
hsa:3858,2
hsa:3795,2
hsa:8854,2
hsa:8853,2
hsa:3782,2
hsa:3780,2
hsa:377677,2
hsa:3770,2
hsa:3768,2
hsa:3766,2
hsa:170572,2
hsa:170589,2
hsa:3761,2
hsa:3758,2
hsa:3857,2
hsa:3859,2
hsa:171568,2
hsa:3882,2
hsa:3897,2
hsa:389692,2
hsa:765,2
hsa:766,2
hsa:767,2
hsa:3886,2
hsa:768,2
hsa:768239,2
hsa:3885,2
hsa:3884,2
hsa:8869,2
hsa:388333,2
hsa:3883,2
hsa:388112,2
hsa:3860,2
hsa:3881,2
hsa:3880,2
hsa:387893,2
hsa:387778,2
hsa:387522,2
hsa:387521,2
hsa:3875,2
hsa:3872,2
hsa:387082,2
hsa:8863,2
hsa:3868,2
hsa:3866,2
hsa:3861,2
hsa:171558,2
hsa:1716,2
hsa:345,2
hsa:20,2
hsa:8787,2
hsa:196051,2
hsa:8773,2
hsa:197257,2
hsa:3549,2
hsa:354,2
hsa:353514,2
hsa:8761,2
hsa:353288,2
hsa:1994,2
hsa:353,2
hsa:199746,2
hsa:348995,2
hsa:7867,2
hsa:192666,2
hsa:3482,2
hsa:348158,2
hsa:348,2
hsa:200909,2
hsa:200916,2
hsa:8733,2
hsa:3476,2
hsa:201163,2
hsa:346562,2
hsa:79017,2
hsa:79023,2
hsa:201266,2
hsa:79053,2
hsa:1938,2
hsa:192134,2
hsa:374659,2
hsa:7799,2
hsa:1717,2
hsa:1718,2
hsa:3739,2
hsa:3712,2
hsa:175,2
hsa:1757,2
hsa:178,2
hsa:1791,2
hsa:1798,2
hsa:8813,2
hsa:1811,2
hsa:1814,2
hsa:1815,2
hsa:366,2
hsa:191,2
hsa:3656,2
hsa:3645,2
hsa:3640,2
hsa:364,2
hsa:1841,2
hsa:8794,2
hsa:361,2
hsa:1852,2
hsa:187,2
hsa:3598,2
hsa:8793,2
hsa:1896,2
hsa:1903,2
hsa:79823,2
hsa:225,2
hsa:763,2
hsa:29940,2
hsa:27034,2
hsa:23511,2
hsa:270,2
hsa:26986,2
hsa:2697,2
hsa:2696,2
hsa:2692,2
hsa:2691,2
hsa:269,2
hsa:2352,2
hsa:23521,2
hsa:26873,2
hsa:8174,2
hsa:84447,2
hsa:81849,2
hsa:23530,2
hsa:81888,2
hsa:81889,2
hsa:8189,2
hsa:23547,2
hsa:8193,2
hsa:8443,2
hsa:23556,2
hsa:8228,2
hsa:8243,2
hsa:8289,2
hsa:8435,2
hsa:26524,2
hsa:2651,2
hsa:2350,2
hsa:81617,2
hsa:27087,2
hsa:27190,2
hsa:27339,2
hsa:84513,2
hsa:23457,2
hsa:8140,2
hsa:273,2
hsa:27258,2
hsa:27250,2
hsa:27244,2
hsa:27243,2
hsa:27232,2
hsa:27231,2
hsa:272,2
hsa:8148,2
hsa:27189,2
hsa:23483,2
hsa:27183,2
hsa:81490,2
hsa:27178,2
hsa:845,2
hsa:27173,2
hsa:23464,2
hsa:27159,2
hsa:81539,2
hsa:23474,2
hsa:27127,2
hsa:27124,2
hsa:2348,2
hsa:271,2
hsa:23624,2
hsa:23632,2
hsa:2650,2
hsa:84105,2
hsa:26035,2
hsa:26019,2
hsa:2527,2
hsa:2528,2
hsa:2529,2
hsa:25984,2
hsa:2531,2
hsa:253152,2
hsa:2533,2
hsa:25945,2
hsa:25937,2
hsa:84134,2
hsa:83692,2
hsa:83734,2
hsa:8417,2
hsa:255043,2
hsa:25873,2
hsa:83756,2
hsa:84002,2
hsa:25833,2
hsa:2583,2
hsa:838,2
hsa:83990,2
hsa:25805,2
hsa:25804,2
hsa:83852,2
hsa:25800,2
hsa:839,2
hsa:2525,2
hsa:2519,2
hsa:23636,2
hsa:23786,2
hsa:84321,2
hsa:2642,2
hsa:84305,2
hsa:23658,2
hsa:23659,2
hsa:23678,2
hsa:26330,2
hsa:23743,2
hsa:2632,2
hsa:26301,2
hsa:23746,2
hsa:84265,2
hsa:23761,2
hsa:84245,2
hsa:2517,2
hsa:8424,2
hsa:245711,2
hsa:84197,2
hsa:26253,2
hsa:246721,2
hsa:26232,2
hsa:246778,2
hsa:83464,2
hsa:83539,2
hsa:26119,2
hsa:83547,2
hsa:2516,2
hsa:26084,2
hsa:27343,2
hsa:8452,2
hsa:23436,2
hsa:79981,2
hsa:22914,2
hsa:22925,2
hsa:2925,2
hsa:22928,2
hsa:22929,2
hsa:22933,2
hsa:85007,2
hsa:29126,2
hsa:84992,2
hsa:79944,2
hsa:22999,2
hsa:29102,2
hsa:23007,2
hsa:84971,2
hsa:8509,2
hsa:29082,2
hsa:80017,2
hsa:29072,2
hsa:84962,2
hsa:84938,2
hsa:2901,2
hsa:2900,2
hsa:2899,2
hsa:80055,2
hsa:2898,2
hsa:2897,2
hsa:28965,2
hsa:80142,2
hsa:79924,2
hsa:8520,2
hsa:84920,2
hsa:8529,2
hsa:79852,2
hsa:2993,2
hsa:29929,2
hsa:2992,2
hsa:29906,2
hsa:29904,2
hsa:22794,2
hsa:29896,2
hsa:22802,2
hsa:22803,2
hsa:29880,2
hsa:2987,2
hsa:2984,2
hsa:799,2
hsa:22877,2
hsa:79902,2
hsa:22845,2
hsa:2969,2
hsa:22849,2
hsa:79923,2
hsa:2961,2
hsa:2960,2
hsa:2958,2
hsa:2957,2
hsa:22854,2
hsa:2954,2
hsa:22856,2
hsa:22875,2
hsa:2895,2
hsa:23067,2
hsa:2739,2
hsa:23286,2
hsa:8106,2
hsa:282618,2
hsa:282617,2
hsa:282616,2
hsa:23225,2
hsa:2822,2
hsa:2817,2
hsa:23265,2
hsa:28,2
hsa:2798,2
hsa:8473,2
hsa:84720,2
hsa:23279,2
hsa:23295,2
hsa:84787,2
hsa:23308,2
hsa:8110,2
hsa:23352,2
hsa:84634,2
hsa:8463,2
hsa:84628,2
hsa:23382,2
hsa:23385,2
hsa:846,2
hsa:2766,2
hsa:23408,2
hsa:23409,2
hsa:274,2
hsa:81030,2
hsa:8091,2
hsa:84892,2
hsa:80315,2
hsa:84890,2
hsa:23157,2
hsa:80150,2
hsa:80198,2
hsa:80208,2
hsa:8021,2
hsa:2861,2
hsa:285955,2
hsa:8027,2
hsa:80270,2
hsa:8030,2
hsa:285242,2
hsa:23165,2
hsa:284716,2
hsa:80896,2
hsa:23176,2
hsa:80336,2
hsa:80339,2
hsa:8065,2
hsa:284161,2
hsa:284098,2
hsa:283459,2
hsa:23192,2
hsa:283375,2
hsa:283358,2
hsa:80834,2
hsa:283209,2
hsa:283208,2
hsa:389898,2
hsa:6193,2
hsa:727897,2
hsa:4126,2
hsa:4082,2
hsa:146956,2
hsa:3906,2
hsa:144245,2
hsa:140801,2
hsa:150572,2
hsa:390748,2
hsa:399,2
hsa:1572,2
hsa:406886,2
hsa:390792,2
hsa:9027,2
hsa:164,2
hsa:43,2
hsa:406887,2
hsa:1506,2
hsa:406933,2
hsa:747,2
hsa:140886,2
hsa:4125,2
hsa:406888,2
hsa:7465,2
hsa:157506,2
hsa:144193,2
hsa:1504,2
hsa:406884,2
hsa:4211,2
hsa:90673,2
hsa:901,2
hsa:163702,2
hsa:1635,2
hsa:1634,2
hsa:154796,2
hsa:4331,2
hsa:150084,2
hsa:140032,2
hsa:8986,2
hsa:8940,2
hsa:4325,2
hsa:3931,2
hsa:406881,2
hsa:406882,2
hsa:729238,2
hsa:4207,2
hsa:4210,2
hsa:1553,2
hsa:406883,2
hsa:40,2
hsa:729597,2
hsa:140735,2
hsa:4316,2
hsa:1410,2
hsa:4296,2
hsa:4216,2
hsa:4092,2
hsa:1621,2
hsa:396,2
hsa:406891,2
hsa:162,2
hsa:151,2
hsa:1515,2
hsa:160428,2
hsa:4221,2
hsa:3921,2
hsa:4267,2
hsa:1434,2
hsa:1512,2
hsa:394,2
hsa:7156,2
hsa:412,2
hsa:143686,2
hsa:1595,2
hsa:3925,2
hsa:3930,2
hsa:4249,2
hsa:1592,2
hsa:4248,2
hsa:406903,2
hsa:4093,2
hsa:4277,2
hsa:8905,2
hsa:147183,2
hsa:8906,2
hsa:404672,2
hsa:398,2
hsa:9063,2
hsa:4294,2
hsa:8907,2
hsa:7442,2
hsa:7436,2
hsa:7434,2
hsa:7432,2
hsa:397,2
hsa:142680,2
hsa:4090,2
hsa:7305,2
hsa:7431,2
hsa:7307,2
hsa:142827,2
hsa:406889,2
hsa:8908,2
hsa:406890,2
hsa:162605,2
hsa:143,2
hsa:162466,2
hsa:4200,2
hsa:414325,2
hsa:135152,2
hsa:7088,2
hsa:7090,2
hsa:4056,2
hsa:759,2
hsa:7091,2
hsa:444,2
hsa:7095,2
hsa:722,2
hsa:1356,2
hsa:7096,2
hsa:7226,2
hsa:441273,2
hsa:8974,2
hsa:441272,2
hsa:138199,2
hsa:8994,2
hsa:710,2
hsa:4175,2
hsa:440387,2
hsa:7201,2
hsa:406991,2
hsa:4157,2
hsa:7089,2
hsa:1360,2
hsa:406,2
hsa:4172,2
hsa:7225,2
hsa:7224,2
hsa:1522,2
hsa:4051,2
hsa:7067,2
hsa:407021,2
hsa:407024,2
hsa:7068,2
hsa:407025,2
hsa:407026,2
hsa:1358,2
hsa:7345,2
hsa:4173,2
hsa:7273,2
hsa:7223,2
hsa:1357,2
hsa:1519,2
hsa:4174,2
hsa:7078,2
hsa:442590,2
hsa:7357,2
hsa:153090,2
hsa:7064,2
hsa:1490,2
hsa:4360,2
hsa:7341,2
hsa:145957,2
hsa:4048,2
hsa:4194,2
hsa:725,2
hsa:8874,2
hsa:15,2
hsa:9091,2
hsa:4047,2
hsa:761,2
hsa:8991,2
hsa:4046,2
hsa:146433,2
hsa:4352,2
hsa:900,2
hsa:9045,2
hsa:150,2
hsa:7334,2
hsa:7374,2
hsa:7507,2
hsa:9049,2
hsa:144983,2
hsa:152,2
hsa:4179,2
hsa:1489,2
hsa:7538,2
hsa:7108,2
hsa:8875,2
hsa:8876,2
hsa:90952,2
hsa:4176,2
hsa:4171,2
hsa:148789,2
hsa:390243,2
hsa:4025,2
hsa:9113,2
hsa:1521,2
hsa:438,2
hsa:90338,1
hsa:84823,1
hsa:8484,1
hsa:90353,1
hsa:80381,1
hsa:84844,1
hsa:64106,1
hsa:8050,1
hsa:63931,1
hsa:988,1
hsa:9879,1
hsa:92285,1
hsa:9829,1
hsa:9218,1
hsa:9842,1
hsa:80700,1
hsa:84775,1
hsa:9037,1
hsa:64077,1
hsa:9038,1
hsa:64065,1
hsa:9039,1
hsa:80835,1
hsa:8086,1
hsa:9040,1
hsa:6897,1
hsa:6405,1
hsa:90390,1
hsa:9862,1
hsa:6900,1
hsa:904,1
hsa:6402,1
hsa:81035,1
hsa:81050,1
hsa:64005,1
hsa:6400,1
hsa:9831,1
hsa:92283,1
hsa:80704,1
hsa:8482,1
hsa:63934,1
hsa:80712,1
hsa:9839,1
hsa:9860,1
hsa:80736,1
hsa:80778,1
hsa:84765,1
hsa:81099,1
hsa:84769,1
hsa:80781,1
hsa:80818,1
hsa:64098,1
hsa:90427,1
hsa:81061,1
hsa:80824,1
hsa:9825,1
hsa:90321,1
hsa:80380,1
hsa:72,1
hsa:80010,1
hsa:974,1
hsa:6882,1
hsa:6883,1
hsa:6884,1
hsa:84957,1
hsa:9741,1
hsa:9744,1
hsa:84952,1
hsa:64282,1
hsa:9748,1
hsa:84950,1
hsa:7200,1
hsa:8493,1
hsa:8013,1
hsa:80031,1
hsa:80032,1
hsa:642517,1
hsa:90075,1
hsa:6425,1
hsa:90161,1
hsa:9755,1
hsa:80095,1
hsa:84924,1
hsa:924,1
hsa:9019,1
hsa:6424,1
hsa:6423,1
hsa:64283,1
hsa:8001,1
hsa:9241,1
hsa:800,1
hsa:9248,1
hsa:9722,1
hsa:8521,1
hsa:688,1
hsa:9723,1
hsa:64321,1
hsa:8519,1
hsa:6880,1
hsa:8506,1
hsa:8504,1
hsa:9724,1
hsa:9727,1
hsa:9247,1
hsa:9730,1
hsa:9732,1
hsa:7993,1
hsa:6881,1
hsa:7994,1
hsa:84991,1
hsa:79947,1
hsa:89941,1
hsa:84987,1
hsa:8995,1
hsa:8498,1
hsa:79973,1
hsa:84976,1
hsa:7205,1
hsa:80110,1
hsa:9235,1
hsa:64115,1
hsa:90333,1
hsa:90317,1
hsa:80230,1
hsa:80233,1
hsa:64137,1
hsa:80235,1
hsa:80264,1
hsa:641339,1
hsa:80267,1
hsa:9033,1
hsa:84870,1
hsa:8029,1
hsa:9798,1
hsa:9231,1
hsa:80319,1
hsa:7177,1
hsa:84867,1
hsa:923,1
hsa:80328,1
hsa:80329,1
hsa:80331,1
hsa:9801,1
hsa:9807,1
hsa:80335,1
hsa:9229,1
hsa:9820,1
hsa:80343,1
hsa:80349,1
hsa:8036,1
hsa:80228,1
hsa:80223,1
hsa:64145,1
hsa:80222,1
hsa:80143,1
hsa:90226,1
hsa:84916,1
hsa:92344,1
hsa:84914,1
hsa:80144,1
hsa:84911,1
hsa:9770,1
hsa:8491,1
hsa:9023,1
hsa:80145,1
hsa:7172,1
hsa:64221,1
hsa:84883,1
hsa:90233,1
hsa:6422,1
hsa:64218,1
hsa:9782,1
hsa:80153,1
hsa:64215,1
hsa:64211,1
hsa:90249,1
hsa:84874,1
hsa:9785,1
hsa:9789,1
hsa:90293,1
hsa:9790,1
hsa:84759,1
hsa:9051,1
hsa:84749,1
hsa:9132,1
hsa:8302,1
hsa:8439,1
hsa:831,1
hsa:8438,1
hsa:8437,1
hsa:8315,1
hsa:8317,1
hsa:8318,1
hsa:832,1
hsa:84364,1
hsa:8434,1
hsa:693210,1
hsa:9135,1
hsa:83937,1
hsa:6949,1
hsa:833,1
hsa:84333,1
hsa:91319,1
hsa:84313,1
hsa:8431,1
hsa:90809,1
hsa:84309,1
hsa:7125,1
hsa:694,1
hsa:90827,1
hsa:6940,1
hsa:8427,1
hsa:6948,1
hsa:830,1
hsa:8295,1
hsa:829,1
hsa:90701,1
hsa:6927,1
hsa:6928,1
hsa:9969,1
hsa:997,1
hsa:9152,1
hsa:6238,1
hsa:9970,1
hsa:8175,1
hsa:81797,1
hsa:9064,1
hsa:81839,1
hsa:90649,1
hsa:81856,1
hsa:81876,1
hsa:90665,1
hsa:84440,1
hsa:9971,1
hsa:84436,1
hsa:693187,1
hsa:91445,1
hsa:91442,1
hsa:81931,1
hsa:9070,1
hsa:693200,1
hsa:826,1
hsa:844,1
hsa:8288,1
hsa:9087,1
hsa:6990,1
hsa:84448,1
hsa:91120,1
hsa:83658,1
hsa:84133,1
hsa:84128,1
hsa:84126,1
hsa:84108,1
hsa:83706,1
hsa:83732,1
hsa:9128,1
hsa:7031,1
hsa:83744,1
hsa:8405,1
hsa:7035,1
hsa:83998,1
hsa:8383,1
hsa:6993,1
hsa:7052,1
hsa:7050,1
hsa:9125,1
hsa:8386,1
hsa:619552,1
hsa:83860,1
hsa:8387,1
hsa:83988,1
hsa:8388,1
hsa:9123,1
hsa:8390,1
hsa:8392,1
hsa:83943,1
hsa:84135,1
hsa:7070,1
hsa:83657,1
hsa:84142,1
hsa:84254,1
hsa:84249,1
hsa:6996,1
hsa:84219,1
hsa:9092,1
hsa:7114,1
hsa:9093,1
hsa:83443,1
hsa:84188,1
hsa:7009,1
hsa:83452,1
hsa:7102,1
hsa:84186,1
hsa:9976,1
hsa:835,1
hsa:84172,1
hsa:90987,1
hsa:83551,1
hsa:7023,1
hsa:9985,1
hsa:9986,1
hsa:9992,1
hsa:7029,1
hsa:84168,1
hsa:84153,1
hsa:7076,1
hsa:9129,1
hsa:9968,1
hsa:6926,1
hsa:63893,1
hsa:81318,1
hsa:84539,1
hsa:81282,1
hsa:81285,1
hsa:9922,1
hsa:81300,1
hsa:81309,1
hsa:91862,1
hsa:9716,1
hsa:9924,1
hsa:9926,1
hsa:84527,1
hsa:8131,1
hsa:9179,1
hsa:81327,1
hsa:81442,1
hsa:81328,1
hsa:81341,1
hsa:6335,1
hsa:6332,1
hsa:81392,1
hsa:9934,1
hsa:6331,1
hsa:9935,1
hsa:81399,1
hsa:6330,1
hsa:6328,1
hsa:6326,1
hsa:6324,1
hsa:8120,1
hsa:84569,1
hsa:84570,1
hsa:9187,1
hsa:9047,1
hsa:7159,1
hsa:63875,1
hsa:7158,1
hsa:9886,1
hsa:921,1
hsa:9887,1
hsa:989,1
hsa:638,1
hsa:84679,1
hsa:84674,1
hsa:84671,1
hsa:84667,1
hsa:9897,1
hsa:81127,1
hsa:8464,1
hsa:8115,1
hsa:84639,1
hsa:91975,1
hsa:9899,1
hsa:91942,1
hsa:8458,1
hsa:9900,1
hsa:905,1
hsa:84572,1
hsa:9901,1
hsa:81168,1
hsa:6323,1
hsa:81448,1
hsa:90639,1
hsa:81608,1
hsa:6280,1
hsa:6279,1
hsa:81570,1
hsa:6278,1
hsa:81578,1
hsa:6906,1
hsa:91584,1
hsa:6907,1
hsa:84464,1
hsa:9156,1
hsa:7155,1
hsa:81605,1
hsa:81607,1
hsa:81624,1
hsa:632,1
hsa:9957,1
hsa:7153,1
hsa:84455,1
hsa:84449,1
hsa:9958,1
hsa:81671,1
hsa:91522,1
hsa:81691,1
hsa:6249,1
hsa:81696,1
hsa:9963,1
hsa:81697,1
hsa:9966,1
hsa:6281,1
hsa:81567,1
hsa:9956,1
hsa:8449,1
hsa:84503,1
hsa:6318,1
hsa:6317,1
hsa:6315,1
hsa:91750,1
hsa:81458,1
hsa:81466,1
hsa:9175,1
hsa:81469,1
hsa:9056,1
hsa:81470,1
hsa:90576,1
hsa:81472,1
hsa:9173,1
hsa:91664,1
hsa:6301,1
hsa:91662,1
hsa:81488,1
hsa:91661,1
hsa:9953,1
hsa:6901,1
hsa:9955,1
hsa:9166,1
hsa:81494,1
hsa:90592,1
hsa:6295,1
hsa:90594,1
hsa:89910,1
hsa:7625,1
hsa:64328,1
hsa:8777,1
hsa:7805,1
hsa:780851,1
hsa:9476,1
hsa:9479,1
hsa:6729,1
hsa:780852,1
hsa:780853,1
hsa:9350,1
hsa:9482,1
hsa:6730,1
hsa:7433,1
hsa:6731,1
hsa:6732,1
hsa:8784,1
hsa:6567,1
hsa:6738,1
hsa:8775,1
hsa:9491,1
hsa:6564,1
hsa:9493,1
hsa:8771,1
hsa:8763,1
hsa:7832,1
hsa:6556,1
hsa:6734,1
hsa:950,1
hsa:6555,1
hsa:6737,1
hsa:9500,1
hsa:951,1
hsa:8799,1
hsa:88,1
hsa:8800,1
hsa:89,1
hsa:6582,1
hsa:7770,1
hsa:6581,1
hsa:7771,1
hsa:7772,1
hsa:8831,1
hsa:6579,1
hsa:8892,1
hsa:8824,1
hsa:8893,1
hsa:7773,1
hsa:8820,1
hsa:8896,1
hsa:7779,1
hsa:7786,1
hsa:8819,1
hsa:9462,1
hsa:9354,1
hsa:9353,1
hsa:6726,1
hsa:6727,1
hsa:9469,1
hsa:8811,1
hsa:7791,1
hsa:8808,1
hsa:9351,1
hsa:6728,1
hsa:7466,1
hsa:7453,1
hsa:9516,1
hsa:8744,1
hsa:79295,1
hsa:79158,1
hsa:8718,1
hsa:87178,1
hsa:6754,1
hsa:6756,1
hsa:79088,1
hsa:9540,1
hsa:79092,1
hsa:79109,1
hsa:79132,1
hsa:79133,1
hsa:79143,1
hsa:7407,1
hsa:6536,1
hsa:79154,1
hsa:6534,1
hsa:8742,1
hsa:7405,1
hsa:9545,1
hsa:653247,1
hsa:653166,1
hsa:6757,1
hsa:7403,1
hsa:7398,1
hsa:6530,1
hsa:79175,1
hsa:6760,1
hsa:6768,1
hsa:79228,1
hsa:8938,1
hsa:79230,1
hsa:8720,1
hsa:8935,1
hsa:79058,1
hsa:8723,1
hsa:9518,1
hsa:6741,1
hsa:8916,1
hsa:8924,1
hsa:6745,1
hsa:7869,1
hsa:8925,1
hsa:9527,1
hsa:6541,1
hsa:8739,1
hsa:6746,1
hsa:788,1
hsa:78989,1
hsa:9530,1
hsa:6747,1
hsa:6748,1
hsa:79008,1
hsa:93474,1
hsa:8732,1
hsa:9532,1
hsa:9344,1
hsa:8731,1
hsa:79026,1
hsa:9534,1
hsa:79054,1
hsa:8729,1
hsa:9538,1
hsa:8724,1
hsa:8930,1
hsa:6583,1
hsa:93643,1
hsa:8891,1
hsa:7699,1
hsa:7581,1
hsa:6631,1
hsa:7574,1
hsa:939,1
hsa:7571,1
hsa:6629,1
hsa:7569,1
hsa:9416,1
hsa:7695,1
hsa:7568,1
hsa:7567,1
hsa:6627,1
hsa:6626,1
hsa:6625,1
hsa:7700,1
hsa:8890,1
hsa:6624,1
hsa:7565,1
hsa:94160,1
hsa:7562,1
hsa:9379,1
hsa:9378,1
hsa:9376,1
hsa:7561,1
hsa:662,1
hsa:7559,1
hsa:7703,1
hsa:6659,1
hsa:6615,1
hsa:7556,1
hsa:9394,1
hsa:93978,1
hsa:94,1
hsa:7582,1
hsa:7633,1
hsa:7637,1
hsa:94030,1
hsa:7596,1
hsa:7638,1
hsa:94033,1
hsa:7639,1
hsa:6642,1
hsa:94039,1
hsa:7643,1
hsa:9407,1
hsa:6637,1
hsa:7644,1
hsa:6636,1
hsa:9409,1
hsa:9410,1
hsa:6635,1
hsa:7594,1
hsa:7652,1
hsa:7592,1
hsa:9402,1
hsa:7673,1
hsa:7678,1
hsa:6633,1
hsa:7587,1
hsa:665,1
hsa:7691,1
hsa:7692,1
hsa:7694,1
hsa:666,1
hsa:6614,1
hsa:6662,1
hsa:7743,1
hsa:7490,1
hsa:6586,1
hsa:943,1
hsa:8843,1
hsa:8842,1
hsa:8883,1
hsa:9435,1
hsa:7752,1
hsa:7755,1
hsa:7757,1
hsa:6585,1
hsa:8840,1
hsa:6584,1
hsa:9436,1
hsa:93661,1
hsa:9437,1
hsa:944,1
hsa:9440,1
hsa:9442,1
hsa:7761,1
hsa:8884,1
hsa:7766,1
hsa:7767,1
hsa:9448,1
hsa:7768,1
hsa:945,1
hsa:7769,1
hsa:8887,1
hsa:889,1
hsa:7748,1
hsa:7738,1
hsa:7554,1
hsa:7508,1
hsa:7553,1
hsa:7551,1
hsa:7549,1
hsa:9373,1
hsa:7547,1
hsa:7539,1
hsa:7710,1
hsa:9421,1
hsa:7525,1
hsa:6693,1
hsa:7520,1
hsa:7711,1
hsa:9423,1
hsa:7518,1
hsa:7517,1
hsa:7516,1
hsa:8861,1
hsa:66008,1
hsa:9369,1
hsa:7712,1
hsa:94274,1
hsa:66004,1
hsa:7728,1
hsa:7730,1
hsa:6708,1
hsa:7515,1
hsa:7512,1
hsa:6709,1
hsa:7733,1
hsa:79290,1
hsa:652968,1
hsa:9711,1
hsa:7293,1
hsa:79767,1
hsa:79778,1
hsa:79788,1
hsa:685,1
hsa:729759,1
hsa:6857,1
hsa:729747,1
hsa:92960,1
hsa:6863,1
hsa:96459,1
hsa:9648,1
hsa:729438,1
hsa:7294,1
hsa:729359,1
hsa:8546,1
hsa:79818,1
hsa:8542,1
hsa:64601,1
hsa:6866,1
hsa:9652,1
hsa:79798,1
hsa:9653,1
hsa:7292,1
hsa:7291,1
hsa:729092,1
hsa:9658,1
hsa:645745,1
hsa:6457,1
hsa:6456,1
hsa:6455,1
hsa:64744,1
hsa:6845,1
hsa:85479,1
hsa:64746,1
hsa:8565,1
hsa:64816,1
hsa:8563,1
hsa:64805,1
hsa:79720,1
hsa:8559,1
hsa:85569,1
hsa:8556,1
hsa:89853,1
hsa:8555,1
hsa:79724,1
hsa:79726,1
hsa:730291,1
hsa:64786,1
hsa:730249,1
hsa:64784,1
hsa:8553,1
hsa:79731,1
hsa:64772,1
hsa:8550,1
hsa:79735,1
hsa:8549,1
hsa:730094,1
hsa:730087,1
hsa:730051,1
hsa:79744,1
hsa:79748,1
hsa:6843,1
hsa:93010,1
hsa:6452,1
hsa:92912,1
hsa:677,1
hsa:79898,1
hsa:85315,1
hsa:9690,1
hsa:64393,1
hsa:64388,1
hsa:8531,1
hsa:64386,1
hsa:643847,1
hsa:643834,1
hsa:85301,1
hsa:9695,1
hsa:9698,1
hsa:6877,1
hsa:9699,1
hsa:79891,1
hsa:7272,1
hsa:728957,1
hsa:79901,1
hsa:7270,1
hsa:92610,1
hsa:6878,1
hsa:92595,1
hsa:64374,1
hsa:970,1
hsa:64343,1
hsa:9253,1
hsa:7251,1
hsa:6879,1
hsa:64332,1
hsa:9709,1
hsa:971,1
hsa:92745,1
hsa:7276,1
hsa:6873,1
hsa:7988,1
hsa:728927,1
hsa:7283,1
hsa:64499,1
hsa:9287,1
hsa:9668,1
hsa:79840,1
hsa:9670,1
hsa:92856,1
hsa:9282,1
hsa:85363,1
hsa:727936,1
hsa:85358,1
hsa:8534,1
hsa:79862,1
hsa:64425,1
hsa:85320,1
hsa:6872,1
hsa:9672,1
hsa:9675,1
hsa:9677,1
hsa:928,1
hsa:6643,1
hsa:727837,1
hsa:8989,1
hsa:6441,1
hsa:968,1
hsa:79869,1
hsa:9681,1
hsa:79875,1
hsa:79718,1
hsa:8574,1
hsa:8590,1
hsa:89801,1
hsa:79470,1
hsa:79473,1
hsa:79482,1
hsa:79490,1
hsa:795,1
hsa:79501,1
hsa:7353,1
hsa:79541,1
hsa:9570,1
hsa:7349,1
hsa:79544,1
hsa:651,1
hsa:65083,1
hsa:65082,1
hsa:9572,1
hsa:931,1
hsa:9322,1
hsa:6504,1
hsa:9573,1
hsa:8685,1
hsa:6793,1
hsa:6799,1
hsa:79549,1
hsa:9577,1
hsa:9320,1
hsa:89845,1
hsa:8677,1
hsa:65008,1
hsa:65005,1
hsa:79587,1
hsa:79465,1
hsa:79443,1
hsa:6518,1
hsa:6519,1
hsa:6528,1
hsa:65264,1
hsa:9343,1
hsa:79296,1
hsa:793,1
hsa:79310,1
hsa:9553,1
hsa:79317,1
hsa:7932,1
hsa:7380,1
hsa:9340,1
hsa:65251,1
hsa:9337,1
hsa:7376,1
hsa:93343,1
hsa:9559,1
hsa:79324,1
hsa:65243,1
hsa:79334,1
hsa:79339,1
hsa:7373,1
hsa:79345,1
hsa:79346,1
hsa:79365,1
hsa:8943,1
hsa:6521,1
hsa:6779,1
hsa:7942,1
hsa:678,1
hsa:7336,1
hsa:680,1
hsa:65003,1
hsa:79658,1
hsa:79661,1
hsa:79679,1
hsa:64926,1
hsa:64919,1
hsa:79685,1
hsa:6817,1
hsa:6818,1
hsa:64901,1
hsa:64895,1
hsa:7328,1
hsa:7325,1
hsa:8646,1
hsa:79711,1
hsa:9310,1
hsa:8642,1
hsa:7324,1
hsa:962,1
hsa:9623,1
hsa:8638,1
hsa:9626,1
hsa:8633,1
hsa:8631,1
hsa:8626,1
hsa:8623,1
hsa:8620,1
hsa:7320,1
hsa:64840,1
hsa:8607,1
hsa:7319,1
hsa:6812,1
hsa:64928,1
hsa:8676,1
hsa:79633,1
hsa:8675,1
hsa:8674,1
hsa:8672,1
hsa:79590,1
hsa:7335,1
hsa:9582,1
hsa:93134,1
hsa:6499,1
hsa:64983,1
hsa:93129,1
hsa:64981,1
hsa:89846,1
hsa:6498,1
hsa:8667,1
hsa:64979,1
hsa:64969,1
hsa:64968,1
hsa:9311,1
hsa:6811,1
hsa:64965,1
hsa:961,1
hsa:9610,1
hsa:64963,1
hsa:64960,1
hsa:89849,1
hsa:79621,1
hsa:6495,1
hsa:8650,1
hsa:79631,1
hsa:65260,1
hsa:445329,1
hsa:6183,1
hsa:221830,1
hsa:22824,1
hsa:22821,1
hsa:2274,1
hsa:2273,1
hsa:2268,1
hsa:2259,1
hsa:225689,1
hsa:2245,1
hsa:2242,1
hsa:2241,1
hsa:2239,1
hsa:223117,1
hsa:222546,1
hsa:222545,1
hsa:222537,1
hsa:22827,1
hsa:22829,1
hsa:22835,1
hsa:2289,1
hsa:22909,1
hsa:22905,1
hsa:22901,1
hsa:22900,1
hsa:2290,1
hsa:22894,1
hsa:22888,1
hsa:22841,1
hsa:22885,1
hsa:2288,1
hsa:22872,1
hsa:22871,1
hsa:22869,1
hsa:22861,1
hsa:222236,1
hsa:221178,1
hsa:22954,1
hsa:221037,1
hsa:219875,1
hsa:219874,1
hsa:219873,1
hsa:219870,1
hsa:219869,1
hsa:219865,1
hsa:219858,1
hsa:219749,1
hsa:219699,1
hsa:219493,1
hsa:219487,1
hsa:219484,1
hsa:219482,1
hsa:219479,1
hsa:219477,1
hsa:219927,1
hsa:219952,1
hsa:219954,1
hsa:219982,1
hsa:220441,1
hsa:2200,1
hsa:22,1
hsa:219988,1
hsa:219986,1
hsa:219983,1
hsa:219981,1
hsa:219956,1
hsa:219968,1
hsa:219965,1
hsa:219960,1
hsa:219959,1
hsa:219958,1
hsa:219957,1
hsa:22941,1
hsa:22977,1
hsa:219469,1
hsa:23235,1
hsa:23325,1
hsa:23324,1
hsa:23312,1
hsa:2331,1
hsa:2330,1
hsa:23293,1
hsa:2329,1
hsa:23288,1
hsa:23283,1
hsa:2328,1
hsa:23275,1
hsa:2327,1
hsa:23262,1
hsa:2326,1
hsa:23239,1
hsa:23335,1
hsa:23339,1
hsa:23350,1
hsa:23395,1
hsa:23428,1
hsa:2342,1
hsa:23418,1
hsa:23414,1
hsa:23405,1
hsa:23404,1
hsa:2339,1
hsa:23362,1
hsa:23389,1
hsa:23381,1
hsa:23380,1
hsa:23373,1
hsa:23370,1
hsa:23369,1
hsa:23237,1
hsa:23221,1
hsa:22987,1
hsa:23220,1
hsa:23094,1
hsa:23085,1
hsa:23064,1
hsa:23062,1
hsa:2305,1
hsa:23049,1
hsa:23048,1
hsa:23039,1
hsa:23035,1
hsa:23028,1
hsa:23025,1
hsa:23020,1
hsa:23019,1
hsa:23016,1
hsa:23002,1
hsa:23096,1
hsa:23111,1
hsa:23114,1
hsa:2319,1
hsa:23216,1
hsa:23214,1
hsa:23207,1
hsa:23198,1
hsa:23195,1
hsa:23190,1
hsa:23186,1
hsa:2313,1
hsa:23179,1
hsa:23171,1
hsa:23163,1
hsa:23162,1
hsa:23160,1
hsa:23152,1
hsa:219473,1
hsa:219464,1
hsa:23431,1
hsa:1794,1
hsa:1850,1
hsa:1849,1
hsa:1847,1
hsa:1846,1
hsa:1845,1
hsa:1844,1
hsa:1840,1
hsa:1836,1
hsa:1834,1
hsa:1832,1
hsa:1829,1
hsa:1828,1
hsa:1824,1
hsa:181,1
hsa:1808,1
hsa:1891,1
hsa:190,1
hsa:1937,1
hsa:196528,1
hsa:1981,1
hsa:1979,1
hsa:197342,1
hsa:197320,1
hsa:196743,1
hsa:1967,1
hsa:196513,1
hsa:1947,1
hsa:196403,1
hsa:196335,1
hsa:196294,1
hsa:1954,1
hsa:1949,1
hsa:1948,1
hsa:1803,1
hsa:1777,1
hsa:199692,1
hsa:1763,1
hsa:169044,1
hsa:168620,1
hsa:168417,1
hsa:1677,1
hsa:1676,1
hsa:167227,1
hsa:1665,1
hsa:166378,1
hsa:166336,1
hsa:166012,1
hsa:1659,1
hsa:165829,1
hsa:1657,1
hsa:1656,1
hsa:165324,1
hsa:169270,1
hsa:169841,1
hsa:170506,1
hsa:1734,1
hsa:1758,1
hsa:1755,1
hsa:1749,1
hsa:174,1
hsa:1736,1
hsa:1735,1
hsa:1733,1
hsa:170959,1
hsa:1731,1
hsa:1730,1
hsa:1727,1
hsa:171392,1
hsa:171389,1
hsa:170960,1
hsa:1982,1
hsa:199704,1
hsa:219453,1
hsa:2120,1
hsa:2172,1
hsa:2171,1
hsa:2170,1
hsa:2166,1
hsa:2161,1
hsa:2160,1
hsa:2159,1
hsa:2158,1
hsa:2157,1
hsa:2155,1
hsa:2153,1
hsa:214,1
hsa:2138,1
hsa:2130,1
hsa:213,1
hsa:2173,1
hsa:2175,1
hsa:2176,1
hsa:219429,1
hsa:219447,1
hsa:219438,1
hsa:219437,1
hsa:219436,1
hsa:219432,1
hsa:219431,1
hsa:219428,1
hsa:2177,1
hsa:219417,1
hsa:2193,1
hsa:2189,1
hsa:2188,1
hsa:2187,1
hsa:2178,1
hsa:2121,1
hsa:2118,1
hsa:199713,1
hsa:2115,1
hsa:2043,1
hsa:2042,1
hsa:2041,1
hsa:2030,1
hsa:2028,1
hsa:2021,1
hsa:201633,1
hsa:201514,1
hsa:201254,1
hsa:200931,1
hsa:2006,1
hsa:200316,1
hsa:200315,1
hsa:2001,1
hsa:2,1
hsa:2044,1
hsa:2045,1
hsa:2046,1
hsa:206358,1
hsa:2107,1
hsa:2103,1
hsa:21,1
hsa:2091,1
hsa:2074,1
hsa:2073,1
hsa:2060,1
hsa:2047,1
hsa:2051,1
hsa:2050,1
hsa:204962,1
hsa:2049,1
hsa:204851,1
hsa:2048,1
hsa:23430,1
hsa:23432,1
hsa:284184,1
hsa:2661,1
hsa:2670,1
hsa:267,1
hsa:26696,1
hsa:26693,1
hsa:26692,1
hsa:26689,1
hsa:26687,1
hsa:26686,1
hsa:26683,1
hsa:2668,1
hsa:266722,1
hsa:26664,1
hsa:26659,1
hsa:26658,1
hsa:26648,1
hsa:26707,1
hsa:26716,1
hsa:26735,1
hsa:26864,1
hsa:26974,1
hsa:2694,1
hsa:26872,1
hsa:26871,1
hsa:26870,1
hsa:26869,1
hsa:26863,1
hsa:26737,1
hsa:26851,1
hsa:26835,1
hsa:26834,1
hsa:26831,1
hsa:26827,1
hsa:26740,1
hsa:2662,1
hsa:2660,1
hsa:27005,1
hsa:26595,1
hsa:26476,1
hsa:26471,1
hsa:26354,1
hsa:2635,1
hsa:26341,1
hsa:2634,1
hsa:26339,1
hsa:26338,1
hsa:26333,1
hsa:2633,1
hsa:26286,1
hsa:26272,1
hsa:26271,1
hsa:26270,1
hsa:26263,1
hsa:26493,1
hsa:26494,1
hsa:26496,1
hsa:26533,1
hsa:26585,1
hsa:2658,1
hsa:2657,1
hsa:26539,1
hsa:26538,1
hsa:26534,1
hsa:26532,1
hsa:26497,1
hsa:26531,1
hsa:26530,1
hsa:26529,1
hsa:26528,1
hsa:26525,1
hsa:26503,1
hsa:26985,1
hsa:27018,1
hsa:26259,1
hsa:2742,1
hsa:283092,1
hsa:283,1
hsa:282890,1
hsa:282775,1
hsa:282770,1
hsa:282763,1
hsa:28234,1
hsa:2820,1
hsa:2819,1
hsa:2781,1
hsa:2780,1
hsa:2779,1
hsa:2760,1
hsa:27445,1
hsa:27434,1
hsa:283093,1
hsa:2831,1
hsa:283111,1
hsa:283446,1
hsa:283869,1
hsa:2837,1
hsa:283694,1
hsa:283617,1
hsa:283464,1
hsa:283455,1
hsa:2834,1
hsa:283159,1
hsa:283365,1
hsa:283297,1
hsa:2832,1
hsa:283189,1
hsa:283162,1
hsa:283160,1
hsa:2743,1
hsa:2741,1
hsa:27030,1
hsa:27350,1
hsa:27179,1
hsa:27177,1
hsa:27175,1
hsa:27153,1
hsa:27134,1
hsa:27131,1
hsa:27130,1
hsa:27101,1
hsa:27097,1
hsa:27086,1
hsa:27074,1
hsa:27072,1
hsa:27071,1
hsa:27068,1
hsa:27044,1
hsa:27180,1
hsa:2719,1
hsa:27198,1
hsa:27304,1
hsa:27341,1
hsa:2734,1
hsa:27338,1
hsa:27334,1
hsa:27329,1
hsa:27316,1
hsa:27302,1
hsa:27242,1
hsa:27301,1
hsa:27300,1
hsa:27297,1
hsa:27289,1
hsa:27257,1
hsa:27248,1
hsa:26260,1
hsa:26248,1
hsa:23433,1
hsa:23673,1
hsa:252969,1
hsa:2520,1
hsa:2494,1
hsa:2487,1
hsa:246243,1
hsa:246181,1
hsa:246175,1
hsa:24148,1
hsa:24145,1
hsa:241,1
hsa:24,1
hsa:2395,1
hsa:23759,1
hsa:23729,1
hsa:23708,1
hsa:2532,1
hsa:253260,1
hsa:253639,1
hsa:255022,1
hsa:255725,1
hsa:255631,1
hsa:255403,1
hsa:255231,1
hsa:255061,1
hsa:255027,1
hsa:254973,1
hsa:253725,1
hsa:254879,1
hsa:254786,1
hsa:254783,1
hsa:2547,1
hsa:2542,1
hsa:254122,1
hsa:23705,1
hsa:23657,1
hsa:255743,1
hsa:23654,1
hsa:23529,1
hsa:23527,1
hsa:23517,1
hsa:23509,1
hsa:23500,1
hsa:23478,1
hsa:23471,1
hsa:23463,1
hsa:23461,1
hsa:23460,1
hsa:23456,1
hsa:23451,1
hsa:23450,1
hsa:23446,1
hsa:23438,1
hsa:23534,1
hsa:23538,1
hsa:23542,1
hsa:23607,1
hsa:23649,1
hsa:23645,1
hsa:23644,1
hsa:23640,1
hsa:23621,1
hsa:23620,1
hsa:23595,1
hsa:2355,1
hsa:23594,1
hsa:23590,1
hsa:23583,1
hsa:23569,1
hsa:23560,1
hsa:23550,1
hsa:255738,1
hsa:255967,1
hsa:26246,1
hsa:259295,1
hsa:26063,1
hsa:26061,1
hsa:26056,1
hsa:26047,1
hsa:260434,1
hsa:260425,1
hsa:26037,1
hsa:260293,1
hsa:25996,1
hsa:25974,1
hsa:25973,1
hsa:25970,1
hsa:25956,1
hsa:25949,1
hsa:25939,1
hsa:26086,1
hsa:26088,1
hsa:26091,1
hsa:2619,1
hsa:26245,1
hsa:26224,1
hsa:26219,1
hsa:26212,1
hsa:26211,1
hsa:2621,1
hsa:26189,1
hsa:26121,1
hsa:26188,1
hsa:261729,1
hsa:2617,1
hsa:26154,1
hsa:26152,1
hsa:26149,1
hsa:259296,1
hsa:259294,1
hsa:256051,1
hsa:259293,1
hsa:25814,1
hsa:258010,1
hsa:25799,1
hsa:25791,1
hsa:25788,1
hsa:25776,1
hsa:25766,1
hsa:257364,1
hsa:257313,1
hsa:257194,1
hsa:256933,1
hsa:256892,1
hsa:256471,1
hsa:256148,1
hsa:256144,1
hsa:25824,1
hsa:25825,1
hsa:25851,1
hsa:259285,1
hsa:259292,1
hsa:259291,1
hsa:259290,1
hsa:259289,1
hsa:259287,1
hsa:259286,1
hsa:259197,1
hsa:2587,1
hsa:25915,1
hsa:25909,1
hsa:25904,1
hsa:25888,1
hsa:25885,1
hsa:25874,1
hsa:164668,1
hsa:164091,1
hsa:163255,1
hsa:10814,1
hsa:10907,1
hsa:10893,1
hsa:10888,1
hsa:10886,1
hsa:10885,1
hsa:10878,1
hsa:10877,1
hsa:10874,1
hsa:10870,1
hsa:10864,1
hsa:10861,1
hsa:10858,1
hsa:10849,1
hsa:10842,1
hsa:10838,1
hsa:10908,1
hsa:10910,1
hsa:10911,1
hsa:10947,1
hsa:109617015,1
hsa:10961,1
hsa:10960,1
hsa:10956,1
hsa:10950,1
hsa:10948,1
hsa:10946,1
hsa:10914,1
hsa:10945,1
hsa:10940,1
hsa:10939,1
hsa:10938,1
hsa:10926,1
hsa:10915,1
hsa:10815,1
hsa:10813,1
hsa:10970,1
hsa:10808,1
hsa:10723,1
hsa:107181291,1
hsa:10717,1
hsa:10713,1
hsa:1071,1
hsa:107080638,1
hsa:1069,1
hsa:10667,1
hsa:10666,1
hsa:1066,1
hsa:10652,1
hsa:10642,1
hsa:10641,1
hsa:10640,1
hsa:10636,1
hsa:10724,1
hsa:10733,1
hsa:10734,1
hsa:10791,1
hsa:10799,1
hsa:107987545,1
hsa:10798,1
hsa:10795,1
hsa:10794,1
hsa:10793,1
hsa:10788,1
hsa:10735,1
hsa:10782,1
hsa:10780,1
hsa:10775,1
hsa:10772,1
hsa:10769,1
hsa:10766,1
hsa:10963,1
hsa:10972,1
hsa:10628,1
hsa:11260,1
hsa:1134,1
hsa:11338,1
hsa:11335,1
hsa:113278,1
hsa:11326,1
hsa:11325,1
hsa:113189,1
hsa:113146,1
hsa:113130,1
hsa:11313,1
hsa:11311,1
hsa:113091,1
hsa:112936,1
hsa:11277,1
hsa:11267,1
hsa:11340,1
hsa:11346,1
hsa:1135,1
hsa:1145,1
hsa:115196,1
hsa:115111,1
hsa:114907,1
hsa:114879,1
hsa:114769,1
hsa:1146,1
hsa:1144,1
hsa:1138,1
hsa:1142,1
hsa:114131,1
hsa:114026,1
hsa:1140,1
hsa:113878,1
hsa:113835,1
hsa:11264,1
hsa:112574,1
hsa:10978,1
hsa:11255,1
hsa:11097,1
hsa:11091,1
hsa:11073,1
hsa:11065,1
hsa:11060,1
hsa:11052,1
hsa:11051,1
hsa:11044,1
hsa:11031,1
hsa:11021,1
hsa:11017,1
hsa:11015,1
hsa:11014,1
hsa:11000,1
hsa:10992,1
hsa:11100,1
hsa:11108,1
hsa:111089941,1
hsa:11194,1
hsa:112268384,1
hsa:11222,1
hsa:11221,1
hsa:11213,1
hsa:11201,1
hsa:11197,1
hsa:11184,1
hsa:11124,1
hsa:11154,1
hsa:11149,1
hsa:11146,1
hsa:11140,1
hsa:11136,1
hsa:11127,1
hsa:10629,1
hsa:10617,1
hsa:163227,1
hsa:10090,1
hsa:10172,1
hsa:10171,1
hsa:10164,1
hsa:10159,1
hsa:10156,1
hsa:10154,1
hsa:10152,1
hsa:1015,1
hsa:10140,1
hsa:10130,1
hsa:1013,1
hsa:10114,1
hsa:10113,1
hsa:101060200,1
hsa:100996758,1
hsa:101929601,1
hsa:101929627,1
hsa:10193,1
hsa:10224,1
hsa:10253,1
hsa:1025,1
hsa:10248,1
hsa:10239,1
hsa:10231,1
hsa:10228,1
hsa:10220,1
hsa:101954264,1
hsa:10211,1
hsa:10200,1
hsa:10199,1
hsa:101954273,1
hsa:101954271,1
hsa:101954268,1
hsa:100913187,1
hsa:10084,1
hsa:10266,1
hsa:10075,1
hsa:100287226,1
hsa:100287171,1
hsa:100271927,1
hsa:10025,1
hsa:1002,1
hsa:10019,1
hsa:100169851,1
hsa:10015,1
hsa:100133941,1
hsa:100131827,1
hsa:100131017,1
hsa:100129842,1
hsa:100129543,1
hsa:1001,1
hsa:10008,1
hsa:100289635,1
hsa:100289678,1
hsa:100302238,1
hsa:10055,1
hsa:10073,1
hsa:100616173,1
hsa:10061,1
hsa:10060,1
hsa:10058,1
hsa:10056,1
hsa:10054,1
hsa:100302282,1
hsa:100534599,1
hsa:100533467,1
hsa:100532736,1
hsa:100529215,1
hsa:100526739,1
hsa:100500809,1
hsa:10262,1
hsa:10267,1
hsa:10607,1
hsa:10477,1
hsa:10525,1
hsa:10523,1
hsa:10520,1
hsa:10512,1
hsa:10509,1
hsa:10507,1
hsa:10505,1
hsa:10501,1
hsa:10500,1
hsa:10498,1
hsa:10497,1
hsa:10490,1
hsa:10484,1
hsa:10483,1
hsa:10479,1
hsa:10526,1
hsa:10527,1
hsa:10535,1
hsa:10564,1
hsa:10599,1
hsa:10594,1
hsa:10573,1
hsa:10572,1
hsa:10569,1
hsa:10565,1
hsa:10560,1
hsa:105369274,1
hsa:10557,1
hsa:10556,1
hsa:10544,1
hsa:10542,1
hsa:1054,1
hsa:10538,1
hsa:10478,1
hsa:10474,1
hsa:10268,1
hsa:10468,1
hsa:10313,1
hsa:10308,1
hsa:10299,1
hsa:10294,1
hsa:10291,1
hsa:10286,1
hsa:10285,1
hsa:10282,1
hsa:1028,1
hsa:10274,1
hsa:102724652,1
hsa:102724428,1
hsa:102723532,1
hsa:102723475,1
hsa:10269,1
hsa:10316,1
hsa:10318,1
hsa:10326,1
hsa:10399,1
hsa:10465,1
hsa:10450,1
hsa:1045,1
hsa:10438,1
hsa:10437,1
hsa:10436,1
hsa:10371,1
hsa:10336,1
hsa:10370,1
hsa:10352,1
hsa:10351,1
hsa:10350,1
hsa:10349,1
hsa:10347,1
hsa:115209,1
hsa:115361,1
hsa:115362,1
hsa:140885,1
hsa:146198,1
hsa:1456,1
hsa:1455,1
hsa:145173,1
hsa:144715,1
hsa:1447,1
hsa:1445,1
hsa:144165,1
hsa:144125,1
hsa:144124,1
hsa:143503,1
hsa:143502,1
hsa:143496,1
hsa:143187,1
hsa:142678,1
hsa:1462,1
hsa:146227,1
hsa:146434,1
hsa:1473,1
hsa:147694,1
hsa:147687,1
hsa:147686,1
hsa:147660,1
hsa:147658,1
hsa:147657,1
hsa:1472,1
hsa:146540,1
hsa:147111,1
hsa:1471,1
hsa:1470,1
hsa:1469,1
hsa:1468,1
hsa:146542,1
hsa:1409,1
hsa:140803,1
hsa:147741,1
hsa:1408,1
hsa:138474,1
hsa:1384,1
hsa:137970,1
hsa:137682,1
hsa:137492,1
hsa:1363,1
hsa:136227,1
hsa:136051,1
hsa:135948,1
hsa:135946,1
hsa:135941,1
hsa:135924,1
hsa:135250,1
hsa:135112,1
hsa:134864,1
hsa:138716,1
hsa:138799,1
hsa:138802,1
hsa:139420,1
hsa:140739,1
hsa:1407,1
hsa:140612,1
hsa:140609,1
hsa:140564,1
hsa:139735,1
hsa:139341,1
hsa:138803,1
hsa:1390,1
hsa:138883,1
hsa:138882,1
hsa:138881,1
hsa:138805,1
hsa:138804,1
hsa:1477,1
hsa:147746,1
hsa:115509,1
hsa:154197,1
hsa:162514,1
hsa:162239,1
hsa:1622,1
hsa:1615,1
hsa:1601,1
hsa:160065,1
hsa:1600,1
hsa:16,1
hsa:158431,1
hsa:158326,1
hsa:158131,1
hsa:155382,1
hsa:155061,1
hsa:155054,1
hsa:154810,1
hsa:162655,1
hsa:162962,1
hsa:162963,1
hsa:163059,1
hsa:163223,1
hsa:1632,1
hsa:163131,1
hsa:163087,1
hsa:163081,1
hsa:163071,1
hsa:163051,1
hsa:162966,1
hsa:163050,1
hsa:163049,1
hsa:162998,1
hsa:162993,1
hsa:162972,1
hsa:162967,1
hsa:154664,1
hsa:154064,1
hsa:1478,1
hsa:153562,1
hsa:148581,1
hsa:148268,1
hsa:148266,1
hsa:148254,1
hsa:148206,1
hsa:148198,1
hsa:148156,1
hsa:148103,1
hsa:147949,1
hsa:147948,1
hsa:147945,1
hsa:147929,1
hsa:147923,1
hsa:1479,1
hsa:147837,1
hsa:148738,1
hsa:1497,1
hsa:150094,1
hsa:152404,1
hsa:153527,1
hsa:153201,1
hsa:153129,1
hsa:152831,1
hsa:152687,1
hsa:1525,1
hsa:152138,1
hsa:1501,1
hsa:152002,1
hsa:151903,1
hsa:151648,1
hsa:151636,1
hsa:1510,1
hsa:150681,1
hsa:134860,1
hsa:134430,1
hsa:134147,1
hsa:119682,1
hsa:120586,1
hsa:1203,1
hsa:120103,1
hsa:1201,1
hsa:120066,1
hsa:120065,1
hsa:1200,1
hsa:119774,1
hsa:119772,1
hsa:119765,1
hsa:119764,1
hsa:119749,1
hsa:119695,1
hsa:119694,1
hsa:119692,1
hsa:120775,1
hsa:120776,1
hsa:120787,1
hsa:122706,1
hsa:123096,1
hsa:123041,1
hsa:123,1
hsa:122748,1
hsa:122742,1
hsa:122740,1
hsa:121364,1
hsa:120793,1
hsa:121275,1
hsa:121274,1
hsa:121130,1
hsa:121129,1
hsa:1208,1
hsa:120796,1
hsa:119687,1
hsa:119679,1
hsa:134111,1
hsa:119678,1
hsa:117157,1
hsa:116988,1
hsa:116987,1
hsa:116985,1
hsa:116984,1
hsa:116983,1
hsa:116931,1
hsa:116519,1
hsa:116512,1
hsa:116379,1
hsa:116228,1
hsa:116150,1
hsa:116071,1
hsa:116028,1
hsa:115752,1
hsa:117178,1
hsa:117283,1
hsa:117581,1
hsa:118460,1
hsa:1195,1
hsa:1191,1
hsa:119016,1
hsa:118813,1
hsa:1188,1
hsa:118471,1
hsa:118429,1
hsa:1176,1
hsa:1184,1
hsa:1183,1
hsa:1182,1
hsa:118142757,1
hsa:1181,1
hsa:117608,1
hsa:123264,1
hsa:123283,1
hsa:123720,1
hsa:124044,1
hsa:1301,1
hsa:130075,1
hsa:1300,1
hsa:129685,1
hsa:1296,1
hsa:1295,1
hsa:1294,1
hsa:1290,1
hsa:1289,1
hsa:128372,1
hsa:128371,1
hsa:128368,1
hsa:128367,1
hsa:128366,1
hsa:128360,1
hsa:1302,1
hsa:1303,1
hsa:1305,1
hsa:1325,1
hsa:134083,1
hsa:133522,1
hsa:133396,1
hsa:133022,1
hsa:132884,1
hsa:132660,1
hsa:131450,1
hsa:130574,1
hsa:131405,1
hsa:1310,1
hsa:1308,1
hsa:1307,1
hsa:1306,1
hsa:130576,1
hsa:128239,1
hsa:128178,1
hsa:127829,1
hsa:125962,1
hsa:126231,1
hsa:126070,1
hsa:126068,1
hsa:126017,1
hsa:126014,1
hsa:125963,1
hsa:125958,1
hsa:126370,1
hsa:125919,1
hsa:125893,1
hsa:124995,1
hsa:124540,1
hsa:124538,1
hsa:1241,1
hsa:126295,1
hsa:126375,1
hsa:127623,1
hsa:127069,1
hsa:127608,1
hsa:127396,1
hsa:127385,1
hsa:1272,1
hsa:127077,1
hsa:127074,1
hsa:127068,1
hsa:126541,1
hsa:127066,1
hsa:127064,1
hsa:127062,1
hsa:127059,1
hsa:126969,1
hsa:1269,1
hsa:283927,1
hsa:284306,1
hsa:6182,1
hsa:51602,1
hsa:51729,1
hsa:51726,1
hsa:51720,1
hsa:5172,1
hsa:51710,1
hsa:51706,1
hsa:51700,1
hsa:51699,1
hsa:51692,1
hsa:51660,1
hsa:5166,1
hsa:5165,1
hsa:51645,1
hsa:5164,1
hsa:51639,1
hsa:51744,1
hsa:5176,1
hsa:51762,1
hsa:5191,1
hsa:5218,1
hsa:5199,1
hsa:5195,1
hsa:5194,1
hsa:5193,1
hsa:5192,1
hsa:5190,1
hsa:51776,1
hsa:5189,1
hsa:51808,1
hsa:51804,1
hsa:51802,1
hsa:5179,1
hsa:51780,1
hsa:51616,1
hsa:51585,1
hsa:5264,1
hsa:51555,1
hsa:51363,1
hsa:51362,1
hsa:51360,1
hsa:51347,1
hsa:51340,1
hsa:51330,1
hsa:51324,1
hsa:51318,1
hsa:51305,1
hsa:51302,1
hsa:51295,1
hsa:51287,1
hsa:51276,1
hsa:51274,1
hsa:51272,1
hsa:51366,1
hsa:51367,1
hsa:51371,1
hsa:51466,1
hsa:51552,1
hsa:51534,1
hsa:51520,1
hsa:51513,1
hsa:51512,1
hsa:51503,1
hsa:51455,1
hsa:51373,1
hsa:51449,1
hsa:51447,1
hsa:51429,1
hsa:51427,1
hsa:51421,1
hsa:51385,1
hsa:5222,1
hsa:5265,1
hsa:51264,1
hsa:54457,1
hsa:54738,1
hsa:54714,1
hsa:54677,1
hsa:5464,1
hsa:54626,1
hsa:5462,1
hsa:5460,1
hsa:54566,1
hsa:54554,1
hsa:54552,1
hsa:54543,1
hsa:54512,1
hsa:5449,1
hsa:54472,1
hsa:54468,1
hsa:54753,1
hsa:54766,1
hsa:5478,1
hsa:54874,1
hsa:54926,1
hsa:54925,1
hsa:54913,1
hsa:54910,1
hsa:54894,1
hsa:54884,1
hsa:548593,1
hsa:54788,1
hsa:54852,1
hsa:54831,1
hsa:54811,1
hsa:54802,1
hsa:54798,1
hsa:54795,1
hsa:54460,1
hsa:54437,1
hsa:5269,1
hsa:54433,1
hsa:5364,1
hsa:5362,1
hsa:5361,1
hsa:5356,1
hsa:5348,1
hsa:5345,1
hsa:53373,1
hsa:5334,1
hsa:5318,1
hsa:5308,1
hsa:5300,1
hsa:5284,1
hsa:5275,1
hsa:5273,1
hsa:5272,1
hsa:5365,1
hsa:5367,1
hsa:53828,1
hsa:5420,1
hsa:54431,1
hsa:54429,1
hsa:54413,1
hsa:5422,1
hsa:54209,1
hsa:54207,1
hsa:53981,1
hsa:53829,1
hsa:53944,1
hsa:5394,1
hsa:5393,1
hsa:53919,1
hsa:53918,1
hsa:53905,1
hsa:51266,1
hsa:51263,1
hsa:5494,1
hsa:4644,1
hsa:4848,1
hsa:4829,1
hsa:4828,1
hsa:4825,1
hsa:4821,1
hsa:4799,1
hsa:4762,1
hsa:4760,1
hsa:475,1
hsa:4691,1
hsa:4681,1
hsa:4677,1
hsa:4670,1
hsa:4666,1
hsa:4654,1
hsa:4849,1
hsa:4850,1
hsa:4862,1
hsa:4931,1
hsa:4986,1
hsa:4976,1
hsa:4968,1
hsa:494335,1
hsa:494324,1
hsa:493753,1
hsa:4922,1
hsa:4887,1
hsa:4920,1
hsa:4919,1
hsa:4917,1
hsa:4913,1
hsa:4897,1
hsa:4889,1
hsa:4645,1
hsa:4643,1
hsa:4991,1
hsa:4642,1
hsa:4573,1
hsa:4572,1
hsa:4571,1
hsa:4570,1
hsa:4569,1
hsa:4568,1
hsa:4567,1
hsa:4566,1
hsa:4565,1
hsa:4564,1
hsa:4563,1
hsa:4558,1
hsa:4556,1
hsa:4555,1
hsa:4553,1
hsa:4574,1
hsa:4575,1
hsa:4576,1
hsa:4605,1
hsa:4641,1
hsa:4640,1
hsa:463,1
hsa:462,1
hsa:4617,1
hsa:4613,1
hsa:4602,1
hsa:4577,1
hsa:4595,1
hsa:4591,1
hsa:4589,1
hsa:4586,1
hsa:4579,1
hsa:4578,1
hsa:4987,1
hsa:4992,1
hsa:51256,1
hsa:50839,1
hsa:5104,1
hsa:51035,1
hsa:51028,1
hsa:51024,1
hsa:51023,1
hsa:51021,1
hsa:51019,1
hsa:51013,1
hsa:51010,1
hsa:51009,1
hsa:50944,1
hsa:5094,1
hsa:50937,1
hsa:5090,1
hsa:50846,1
hsa:51052,1
hsa:51067,1
hsa:51069,1
hsa:51119,1
hsa:51246,1
hsa:51241,1
hsa:51194,1
hsa:51172,1
hsa:51167,1
hsa:51160,1
hsa:51116,1
hsa:51073,1
hsa:51103,1
hsa:51099,1
hsa:51096,1
hsa:51083,1
hsa:51081,1
hsa:51077,1
hsa:50840,1
hsa:50838,1
hsa:4993,1
hsa:50837,1
hsa:50506,1
hsa:504191,1
hsa:504190,1
hsa:504189,1
hsa:5034,1
hsa:5032,1
hsa:5031,1
hsa:5018,1
hsa:5013,1
hsa:5001,1
hsa:5000,1
hsa:4999,1
hsa:4998,1
hsa:4995,1
hsa:4994,1
hsa:50509,1
hsa:50511,1
hsa:50515,1
hsa:5081,1
hsa:50836,1
hsa:50835,1
hsa:50834,1
hsa:50833,1
hsa:50832,1
hsa:50831,1
hsa:5079,1
hsa:5055,1
hsa:5078,1
hsa:5077,1
hsa:5073,1
hsa:50674,1
hsa:50649,1
hsa:50632,1
hsa:54938,1
hsa:54941,1
hsa:284307,1
hsa:57468,1
hsa:57556,1
hsa:57555,1
hsa:57551,1
hsa:57547,1
hsa:57541,1
hsa:57534,1
hsa:57530,1
hsa:57522,1
hsa:57510,1
hsa:57505,1
hsa:57502,1
hsa:575,1
hsa:57498,1
hsa:57486,1
hsa:57474,1
hsa:57568,1
hsa:57573,1
hsa:57599,1
hsa:57693,1
hsa:57761,1
hsa:57758,1
hsa:57715,1
hsa:57711,1
hsa:5771,1
hsa:57697,1
hsa:57680,1
hsa:57600,1
hsa:57677,1
hsa:57657,1
hsa:57642,1
hsa:57620,1
hsa:57617,1
hsa:57615,1
hsa:57472,1
hsa:57467,1
hsa:57786,1
hsa:57461,1
hsa:57396,1
hsa:57381,1
hsa:57369,1
hsa:57343,1
hsa:57335,1
hsa:573,1
hsa:5729,1
hsa:5726,1
hsa:57232,1
hsa:57223,1
hsa:57216,1
hsa:57209,1
hsa:57176,1
hsa:57153,1
hsa:57152,1
hsa:57403,1
hsa:574031,1
hsa:57406,1
hsa:574473,1
hsa:5746,1
hsa:57455,1
hsa:574493,1
hsa:57449,1
hsa:574484,1
hsa:574476,1
hsa:574467,1
hsa:57412,1
hsa:574461,1
hsa:574457,1
hsa:574455,1
hsa:574452,1
hsa:574411,1
hsa:5744,1
hsa:5778,1
hsa:57801,1
hsa:57107,1
hsa:5892,1
hsa:599,1
hsa:5957,1
hsa:594855,1
hsa:5948,1
hsa:59352,1
hsa:59348,1
hsa:59340,1
hsa:5932,1
hsa:5929,1
hsa:5928,1
hsa:59277,1
hsa:5917,1
hsa:5909,1
hsa:59082,1
hsa:5905,1
hsa:5998,1
hsa:6010,1
hsa:6023,1
hsa:6066,1
hsa:6150,1
hsa:6100,1
hsa:6096,1
hsa:6092,1
hsa:6091,1
hsa:60682,1
hsa:606495,1
hsa:6037,1
hsa:6060,1
hsa:60559,1
hsa:60489,1
hsa:6048,1
hsa:60436,1
hsa:60412,1
hsa:5893,1
hsa:5890,1
hsa:57817,1
hsa:5885,1
hsa:5827,1
hsa:5824,1
hsa:5822,1
hsa:5817,1
hsa:5810,1
hsa:5803,1
hsa:5801,1
hsa:580,1
hsa:5799,1
hsa:5798,1
hsa:5787,1
hsa:57863,1
hsa:57835,1
hsa:5783,1
hsa:57826,1
hsa:5828,1
hsa:5830,1
hsa:58476,1
hsa:5862,1
hsa:5883,1
hsa:5874,1
hsa:5872,1
hsa:5871,1
hsa:5867,1
hsa:5863,1
hsa:58538,1
hsa:58477,1
hsa:58533,1
hsa:58517,1
hsa:58513,1
hsa:58511,1
hsa:58500,1
hsa:58492,1
hsa:57142,1
hsa:57101,1
hsa:54948,1
hsa:5540,1
hsa:5554,1
hsa:5553,1
hsa:55529,1
hsa:55515,1
hsa:55509,1
hsa:55505,1
hsa:55504,1
hsa:55502,1
hsa:55501,1
hsa:5550,1
hsa:55471,1
hsa:55432,1
hsa:55423,1
hsa:55422,1
hsa:554213,1
hsa:5555,1
hsa:55552,1
hsa:55558,1
hsa:55659,1
hsa:5569,1
hsa:55680,1
hsa:55671,1
hsa:55670,1
hsa:55666,1
hsa:55660,1
hsa:55651,1
hsa:5557,1
hsa:55615,1
hsa:55593,1
hsa:55589,1
hsa:55585,1
hsa:5558,1
hsa:55578,1
hsa:5542,1
hsa:5539,1
hsa:55699,1
hsa:55366,1
hsa:55183,1
hsa:55173,1
hsa:55168,1
hsa:55161,1
hsa:55157,1
hsa:55131,1
hsa:55127,1
hsa:55119,1
hsa:55114,1
hsa:55070,1
hsa:55052,1
hsa:55048,1
hsa:55040,1
hsa:55004,1
hsa:5495,1
hsa:55193,1
hsa:55207,1
hsa:55215,1
hsa:55294,1
hsa:5536,1
hsa:55353,1
hsa:55341,1
hsa:55339,1
hsa:55315,1
hsa:5531,1
hsa:55288,1
hsa:55226,1
hsa:55284,1
hsa:55283,1
hsa:55274,1
hsa:55272,1
hsa:55247,1
hsa:55236,1
hsa:55696,1
hsa:55705,1
hsa:57053,1
hsa:55968,1
hsa:56656,1
hsa:56652,1
hsa:56649,1
hsa:5662,1
hsa:56605,1
hsa:566,1
hsa:56548,1
hsa:56479,1
hsa:56475,1
hsa:56300,1
hsa:5627,1
hsa:56259,1
hsa:56242,1
hsa:5624,1
hsa:55971,1
hsa:56670,1
hsa:56886,1
hsa:56896,1
hsa:5696,1
hsa:57038,1
hsa:56998,1
hsa:5699,1
hsa:56983,1
hsa:5698,1
hsa:5697,1
hsa:56949,1
hsa:56903,1
hsa:56923,1
hsa:56920,1
hsa:56919,1
hsa:56916,1
hsa:56915,1
hsa:56904,1
hsa:5597,1
hsa:5596,1
hsa:55711,1
hsa:55958,1
hsa:5577,1
hsa:55769,1
hsa:55768,1
hsa:55762,1
hsa:5576,1
hsa:55757,1
hsa:5575,1
hsa:55744,1
hsa:55742,1
hsa:55741,1
hsa:55738,1
hsa:55737,1
hsa:55733,1
hsa:5573,1
hsa:55713,1
hsa:55781,1
hsa:55786,1
hsa:55788,1
hsa:55850,1
hsa:55957,1
hsa:55930,1
hsa:55914,1
hsa:55908,1
hsa:55900,1
hsa:5589,1
hsa:55829,1
hsa:558,1
hsa:55825,1
hsa:55823,1
hsa:55818,1
hsa:55813,1
hsa:55802,1
hsa:55801,1
hsa:4547,1
hsa:4542,1
hsa:4515,1
hsa:343406,1
hsa:347411,1
hsa:347344,1
hsa:347169,1
hsa:347168,1
hsa:346528,1
hsa:346525,1
hsa:346517,1
hsa:346171,1
hsa:345630,1
hsa:345611,1
hsa:345462,1
hsa:344807,1
hsa:344787,1
hsa:344,1
hsa:343637,1
hsa:347468,1
hsa:348180,1
hsa:3483,1
hsa:353497,1
hsa:3604,1
hsa:3603,1
hsa:360,1
hsa:359,1
hsa:3557,1
hsa:3543,1
hsa:353355,1
hsa:348327,1
hsa:353164,1
hsa:353091,1
hsa:353088,1
hsa:350,1
hsa:349075,1
hsa:348980,1
hsa:343563,1
hsa:3434,1
hsa:3623,1
hsa:343173,1
hsa:341152,1
hsa:341,1
hsa:340980,1
hsa:340419,1
hsa:340385,1
hsa:340273,1
hsa:340267,1
hsa:340252,1
hsa:339761,1
hsa:339745,1
hsa:339559,1
hsa:3394,1
hsa:339327,1
hsa:339318,1
hsa:339302,1
hsa:341276,1
hsa:341416,1
hsa:341418,1
hsa:342909,1
hsa:343172,1
hsa:343171,1
hsa:343170,1
hsa:343169,1
hsa:343,1
hsa:342926,1
hsa:342908,1
hsa:341568,1
hsa:342892,1
hsa:3428,1
hsa:342372,1
hsa:341799,1
hsa:341640,1
hsa:3416,1
hsa:362,1
hsa:3646,1
hsa:338751,1
hsa:386653,1
hsa:389114,1
hsa:389090,1
hsa:389015,1
hsa:388761,1
hsa:388753,1
hsa:388646,1
hsa:388569,1
hsa:388567,1
hsa:388566,1
hsa:388561,1
hsa:388559,1
hsa:388558,1
hsa:388536,1
hsa:388,1
hsa:387748,1
hsa:389434,1
hsa:389541,1
hsa:390036,1
hsa:390066,1
hsa:390079,1
hsa:390078,1
hsa:390077,1
hsa:390075,1
hsa:390072,1
hsa:390067,1
hsa:390064,1
hsa:390037,1
hsa:390063,1
hsa:390061,1
hsa:390059,1
hsa:390058,1
hsa:390054,1
hsa:390038,1
hsa:387680,1
hsa:3843,1
hsa:3662,1
hsa:3842,1
hsa:3751,1
hsa:374928,1
hsa:374900,1
hsa:374899,1
hsa:374879,1
hsa:3748,1
hsa:3735,1
hsa:3732,1
hsa:3720,1
hsa:3692,1
hsa:3682,1
hsa:3681,1
hsa:368,1
hsa:3670,1
hsa:3663,1
hsa:3752,1
hsa:3753,1
hsa:375775,1
hsa:3786,1
hsa:3835,1
hsa:3820,1
hsa:3818,1
hsa:381,1
hsa:378884,1
hsa:378708,1
hsa:3785,1
hsa:375790,1
hsa:378,1
hsa:3773,1
hsa:3772,1
hsa:377,1
hsa:3769,1
hsa:3764,1
hsa:338755,1
hsa:338675,1
hsa:4511,1
hsa:286530,1
hsa:29074,1
hsa:28998,1
hsa:28996,1
hsa:28987,1
hsa:28973,1
hsa:28972,1
hsa:28960,1
hsa:28958,1
hsa:28956,1
hsa:2894,1
hsa:2887,1
hsa:288,1
hsa:2874,1
hsa:287,1
hsa:286826,1
hsa:29078,1
hsa:29079,1
hsa:2908,1
hsa:2922,1
hsa:2978,1
hsa:29775,1
hsa:29761,1
hsa:2963,1
hsa:2962,1
hsa:2935,1
hsa:29117,1
hsa:29086,1
hsa:29116,1
hsa:29109,1
hsa:29101,1
hsa:29093,1
hsa:29089,1
hsa:29088,1
hsa:2867,1
hsa:2864,1
hsa:2979,1
hsa:286365,1
hsa:2847,1
hsa:284654,1
hsa:284532,1
hsa:284521,1
hsa:284486,1
hsa:284459,1
hsa:284433,1
hsa:284406,1
hsa:284390,1
hsa:284383,1
hsa:284371,1
hsa:284370,1
hsa:284349,1
hsa:284340,1
hsa:284323,1
hsa:285126,1
hsa:285203,1
hsa:285220,1
hsa:2859,1
hsa:286362,1
hsa:286204,1
hsa:2862,1
hsa:286151,1
hsa:286075,1
hsa:286,1
hsa:285704,1
hsa:285267,1
hsa:285676,1
hsa:285659,1
hsa:285641,1
hsa:285521,1
hsa:285362,1
hsa:285268,1
hsa:29780,1
hsa:29850,1
hsa:338674,1
hsa:3161,1
hsa:3248,1
hsa:3231,1
hsa:322,1
hsa:3211,1
hsa:3207,1
hsa:3206,1
hsa:3205,1
hsa:3198,1
hsa:3195,1
hsa:3192,1
hsa:319100,1
hsa:3183,1
hsa:3181,1
hsa:3177,1
hsa:3174,1
hsa:3249,1
hsa:3250,1
hsa:328,1
hsa:3382,1
hsa:338662,1
hsa:3385,1
hsa:338442,1
hsa:338398,1
hsa:338339,1
hsa:338324,1
hsa:3376,1
hsa:3297,1
hsa:3364,1
hsa:3347,1
hsa:3346,1
hsa:3316,1
hsa:3301,1
hsa:3300,1
hsa:3171,1
hsa:3110,1
hsa:29881,1
hsa:311,1
hsa:3001,1
hsa:30000,1
hsa:29992,1
hsa:29990,1
hsa:29984,1
hsa:29964,1
hsa:2995,1
hsa:29941,1
hsa:2994,1
hsa:29934,1
hsa:29924,1
hsa:29915,1
hsa:29894,1
hsa:29889,1
hsa:29883,1
hsa:30011,1
hsa:30012,1
hsa:302,1
hsa:30832,1
hsa:310,1
hsa:3093,1
hsa:30846,1
hsa:30845,1
hsa:30844,1
hsa:30834,1
hsa:3080,1
hsa:3035,1
hsa:3078,1
hsa:3062,1
hsa:3061,1
hsa:3060,1
hsa:3054,1
hsa:3053,1
hsa:390081,1
hsa:390082,1
hsa:390083,1
hsa:407009,1
hsa:407035,1
hsa:407034,1
hsa:407033,1
hsa:407032,1
hsa:407031,1
hsa:407030,1
hsa:407029,1
hsa:407020,1
hsa:407019,1
hsa:407018,1
hsa:407017,1
hsa:407016,1
hsa:407015,1
hsa:407014,1
hsa:407011,1
hsa:407036,1
hsa:407040,1
hsa:407041,1
hsa:407051,1
hsa:41,1
hsa:4099,1
hsa:4091,1
hsa:4077,1
hsa:407055,1
hsa:407053,1
hsa:407049,1
hsa:407042,1
hsa:407048,1
hsa:407047,1
hsa:407046,1
hsa:407045,1
hsa:407044,1
hsa:407043,1
hsa:407010,1
hsa:407008,1
hsa:414189,1
hsa:407007,1
hsa:406976,1
hsa:406971,1
hsa:406970,1
hsa:406969,1
hsa:406967,1
hsa:406959,1
hsa:406957,1
hsa:406956,1
hsa:406955,1
hsa:406954,1
hsa:406953,1
hsa:406952,1
hsa:406951,1
hsa:406950,1
hsa:406949,1
hsa:406977,1
hsa:406978,1
hsa:406979,1
hsa:406989,1
hsa:407006,1
hsa:406999,1
hsa:406997,1
hsa:406996,1
hsa:406995,1
hsa:406992,1
hsa:406988,1
hsa:406980,1
hsa:406986,1
hsa:406985,1
hsa:406984,1
hsa:406983,1
hsa:406982,1
hsa:406981,1
hsa:4123,1
hsa:4145,1
hsa:390084,1
hsa:441933,1
hsa:442909,1
hsa:442904,1
hsa:442903,1
hsa:442902,1
hsa:442900,1
hsa:442898,1
hsa:442891,1
hsa:442890,1
hsa:442361,1
hsa:442319,1
hsa:442194,1
hsa:442191,1
hsa:442186,1
hsa:442185,1
hsa:442184,1
hsa:442910,1
hsa:442918,1
hsa:4430,1
hsa:4493,1
hsa:4502,1
hsa:4501,1
hsa:4499,1
hsa:4496,1
hsa:4495,1
hsa:4494,1
hsa:4490,1
hsa:4440,1
hsa:4489,1
hsa:4488,1
hsa:4487,1
hsa:4486,1
hsa:4485,1
hsa:4481,1
hsa:442179,1
hsa:441670,1
hsa:415117,1
hsa:441669,1
hsa:432355,1
hsa:432,1
hsa:4306,1
hsa:4300,1
hsa:4299,1
hsa:4298,1
hsa:4295,1
hsa:4291,1
hsa:4281,1
hsa:4225,1
hsa:4224,1
hsa:4166,1
hsa:4161,1
hsa:4160,1
hsa:4159,1
hsa:4324,1
hsa:4326,1
hsa:433,1
hsa:440279,1
hsa:441639,1
hsa:441608,1
hsa:441308,1
hsa:441234,1
hsa:440515,1
hsa:440503,1
hsa:440153,1
hsa:434,1
hsa:440077,1
hsa:440073,1
hsa:439996,1
hsa:4359,1
hsa:4358,1
hsa:4350,1
hsa:406948,1
hsa:406947,1
hsa:406943,1
hsa:390436,1
hsa:391107,1
hsa:390992,1
hsa:390980,1
hsa:390927,1
hsa:390916,1
hsa:390892,1
hsa:390883,1
hsa:390882,1
hsa:390649,1
hsa:390648,1
hsa:390538,1
hsa:390445,1
hsa:390442,1
hsa:390441,1
hsa:390439,1
hsa:391109,1
hsa:391112,1
hsa:391114,1
hsa:391211,1
hsa:392391,1
hsa:392390,1
hsa:392376,1
hsa:392309,1
hsa:392138,1
hsa:392133,1
hsa:391196,1
hsa:391121,1
hsa:391195,1
hsa:391194,1
hsa:391192,1
hsa:391191,1
hsa:391190,1
hsa:391189,1
hsa:390437,1
hsa:390433,1
hsa:406942,1
hsa:390432,1
hsa:390181,1
hsa:390174,1
hsa:390168,1
hsa:390167,1
hsa:390162,1
hsa:390157,1
hsa:390155,1
hsa:390154,1
hsa:390152,1
hsa:390151,1
hsa:390148,1
hsa:390144,1
hsa:390142,1
hsa:390113,1
hsa:390093,1
hsa:390190,1
hsa:390191,1
hsa:390195,1
hsa:390275,1
hsa:390431,1
hsa:390429,1
hsa:390327,1
hsa:390326,1
hsa:390323,1
hsa:390321,1
hsa:390271,1
hsa:390197,1
hsa:390265,1
hsa:390264,1
hsa:390261,1
hsa:390260,1
hsa:390201,1
hsa:390199,1
hsa:392392,1
hsa:393046,1
hsa:3934,1
hsa:3980,1
hsa:406907,1
hsa:406906,1
hsa:406905,1
hsa:406904,1
hsa:406901,1
hsa:406900,1
hsa:4069,1
hsa:406896,1
hsa:406895,1
hsa:406894,1
hsa:406893,1
hsa:406892,1
hsa:406885,1
hsa:4068,1
hsa:4066,1
hsa:406908,1
hsa:406909,1
hsa:406910,1
hsa:406923,1
hsa:406938,1
hsa:406937,1
hsa:406935,1
hsa:406928,1
hsa:406926,1
hsa:406925,1
hsa:406922,1
hsa:406911,1
hsa:406918,1
hsa:406917,1
hsa:406916,1
hsa:406915,1
hsa:406913,1
hsa:406912,1
hsa:4060,1
hsa:405753,1
hsa:4052,1
hsa:4007,1
hsa:401665,1
hsa:401427,1
hsa:4012,1
hsa:400916,1
hsa:4008,1
hsa:400720,1
hsa:4005,1
hsa:401667,1
hsa:4001,1
hsa:399968,1
hsa:399967,1
hsa:3998,1
hsa:3983,1
hsa:3981,1
hsa:401666,1
hsa:4018,1
hsa:4043,1
hsa:403257,1
hsa:403284,1
hsa:403282,1
hsa:403278,1
hsa:403277,1
hsa:403274,1
hsa:403273,1
hsa:403253,1
hsa:401992,1
hsa:403244,1
hsa:403239,1
hsa:402317,1
hsa:402135,1
hsa:401994,1
hsa:401993,1
hsa:9997,1
